ticker,date,pct_change,volume_ratio,down_streak,up_streak,drawdown_pct,is_52w_high,is_52w_low,rule,tone
AAPL,2025-08-26,0.946457,0.885691,0,1,11.155892,0,0,mundane,casual
AAPL,2025-08-27,0.514602,0.506007,0,2,10.698699,0,0,mundane,casual
AAPL,2025-08-28,0.898078,0.623519,0,3,9.896704,0,0,mundane,casual
AAPL,2025-08-29,-0.180600,0.668868,1,0,10.059430,0,0,mundane,casual
AAPL,2025-09-02,-1.042472,0.791556,2,0,10.997035,0,0,mundane,casual
AAPL,2025-09-03,3.808988,1.227178,0,1,7.606922,0,0,mundane,casual
AAPL,2025-09-04,0.549334,0.860713,0,2,7.099376,0,0,mundane,casual
AAPL,2025-09-05,-0.037544,1.051208,1,0,7.134254,0,0,mundane,casual
AAPL,2025-09-08,-0.755139,0.971638,2,0,7.835519,0,0,mundane,casual
AAPL,2025-09-09,-1.483944,1.405341,3,0,9.203188,0,0,mundane,casual
AAPL,2025-09-10,-3.225940,1.759893,4,0,12.132238,0,0,losing_streak,desperate
AAPL,2025-09-11,1.428640,1.028798,0,1,10.876924,0,0,mundane,casual
AAPL,2025-09-12,1.756292,1.167390,0,2,9.311662,0,0,mundane,casual
AAPL,2025-09-15,1.123593,0.889294,0,3,8.292694,0,0,mundane,casual
AAPL,2025-09-16,0.612587,1.339464,0,4,7.730907,0,0,winning_streak,smug
AAPL,2025-09-17,0.352728,0.956063,0,5,7.405449,0,0,mundane,casual
AAPL,2025-09-18,-0.464466,0.903042,1,0,7.835519,0,0,mundane,casual
AAPL,2025-09-19,3.203300,3.334859,0,1,4.883214,0,0,volume_spike,attention
AAPL,2025-09-22,4.309566,1.892488,0,2,0.784094,0,0,mundane,casual
AAPL,2025-09-23,-0.644333,1.023211,1,0,1.423375,0,0,mundane,casual
AAPL,2025-09-24,-0.833223,0.700711,2,0,2.244738,0,0,mundane,casual
AAPL,2025-09-25,1.807292,0.923746,0,1,0.478015,0,0,mundane,casual
AAPL,2025-09-26,-0.548912,0.755894,1,0,1.024302,0,0,mundane,casual
AAPL,2025-09-29,-0.403202,0.654013,2,0,1.423375,0,0,mundane,casual
AAPL,2025-09-30,0.078619,0.614161,0,1,1.345875,0,0,mundane,casual
AAPL,2025-10-01,0.322037,0.797633,0,2,1.028171,0,0,mundane,casual
AAPL,2025-10-02,0.657655,0.708292,0,3,0.377278,0,0,mundane,casual
AAPL,2025-10-03,0.346126,0.820061,0,4,0.032457,0,0,winning_streak,smug
AAPL,2025-10-06,-0.515458,0.748699,1,0,0.547748,0,0,mundane,casual
AAPL,2025-10-07,-0.081811,0.537625,2,0,0.629111,0,0,mundane,casual
AAPL,2025-10-08,0.616039,0.632299,0,1,0.016947,0,0,mundane,casual
AAPL,2025-10-09,-1.557788,0.692060,1,0,1.574471,0,0,mundane,casual
AAPL,2025-10-10,-3.452210,1.131795,2,0,4.972327,0,0,mundane,casual
AAPL,2025-10-13,0.974439,0.692397,0,1,4.046340,0,0,mundane,casual
AAPL,2025-10-14,0.044413,0.646696,0,2,4.003724,0,0,mundane,casual
AAPL,2025-10-15,0.633653,0.633961,0,3,3.395441,0,0,mundane,casual
AAPL,2025-10-16,-0.758000,0.752889,1,0,4.127703,0,0,mundane,casual
AAPL,2025-10-17,1.955945,0.934196,0,1,2.252494,0,0,mundane,casual
AAPL,2025-10-20,3.943885,1.930134,0,2,0.000000,1,0,new_52w_high,euphoric
AAPL,2025-10-21,0.202103,1.012324,0,3,0.000000,1,0,new_52w_high,euphoric
AAPL,2025-10-22,-1.644014,0.990469,1,0,1.644014,0,0,mundane,casual
AAPL,2025-10-23,0.437204,0.718561,0,1,1.213998,0,0,mundane,casual
AAPL,2025-10-24,1.248175,0.860375,0,2,0.000000,1,0,new_52w_high,euphoric
AAPL,2025-10-27,2.279139,1.018553,0,3,0.000000,1,0,new_52w_high,euphoric
AAPL,2025-10-28,0.070682,0.937399,0,4,0.000000,1,0,new_52w_high,euphoric
AAPL,2025-10-29,0.260209,1.148013,0,5,0.000000,1,0,new_52w_high,euphoric
AAPL,2025-10-30,0.630335,1.566304,0,6,0.000000,1,0,new_52w_high,euphoric
AAPL,2025-10-31,-0.379516,1.873949,1,0,0.379516,0,0,mundane,casual
AAPL,2025-11-03,-0.488236,1.049391,2,0,0.865899,0,0,mundane,casual
AAPL,2025-11-04,0.367985,1.024240,0,1,0.501100,0,0,mundane,casual
AAPL,2025-11-05,0.037035,0.891954,0,2,0.464251,0,0,mundane,casual
AAPL,2025-11-06,-0.136983,1.037907,1,0,0.600598,0,0,mundane,casual
AAPL,2025-11-07,-0.481896,0.964972,2,0,1.079600,0,0,mundane,casual
AAPL,2025-11-10,0.454874,0.838160,0,1,0.629637,0,0,mundane,casual
AAPL,2025-11-11,2.160115,0.934485,0,2,0.000000,1,0,new_52w_high,euphoric
AAPL,2025-11-12,-0.646677,0.968262,1,0,0.646677,0,0,mundane,casual
AAPL,2025-11-13,-0.190148,0.978173,2,0,0.835595,0,0,mundane,casual
AAPL,2025-11-14,-0.197853,0.926376,3,0,1.031795,0,0,mundane,casual
AAPL,2025-11-17,-1.817111,0.880723,4,0,2.830157,0,0,losing_streak,desperate
AAPL,2025-11-18,-0.007471,0.935207,5,0,2.837417,0,0,mundane,casual
AAPL,2025-11-19,0.418779,0.828524,0,1,2.430520,0,0,mundane,casual
AAPL,2025-11-20,-0.860136,0.943621,1,0,3.269750,0,0,mundane,casual
AAPL,2025-11-21,1.968061,1.199450,0,1,1.366040,0,0,mundane,casual
AAPL,2025-11-24,1.631745,1.305093,0,2,0.000000,1,0,new_52w_high,euphoric
AAPL,2025-11-25,0.380556,0.914710,0,3,0.000000,1,0,new_52w_high,euphoric
AAPL,2025-11-26,0.209400,0.648428,0,4,0.000000,1,0,new_52w_high,euphoric
AAPL,2025-11-28,0.468387,0.397349,0,5,0.000000,1,0,new_52w_high,euphoric
AAPL,2025-12-01,1.524117,0.966805,0,6,0.000000,1,0,new_52w_high,euphoric
AAPL,2025-12-02,1.091484,1.161469,0,7,0.000000,1,0,new_52w_high,euphoric
AAPL,2025-12-03,-0.712810,0.938697,1,0,0.712810,0,0,mundane,casual
AAPL,2025-12-04,-1.214150,0.954309,2,0,1.918306,0,0,mundane,casual
AAPL,2025-12-05,-0.684007,1.025054,3,0,2.589191,0,0,mundane,casual
AAPL,2025-12-08,-0.319244,0.832254,4,0,2.900170,0,0,losing_streak,desperate
AAPL,2025-12-09,-0.255507,0.708903,5,0,3.148266,0,0,mundane,casual
AAPL,2025-12-10,0.577248,0.734888,0,1,2.589191,0,0,mundane,casual
AAPL,2025-12-11,-0.269026,0.750546,1,0,2.851252,0,0,mundane,casual
AAPL,2025-12-12,0.089921,0.907949,0,1,2.763895,0,0,mundane,casual
AAPL,2025-12-15,-1.498506,1.171286,1,0,4.220984,0,0,mundane,casual
AAPL,2025-12-16,0.182414,0.871772,0,1,4.046270,0,0,mundane,casual
AAPL,2025-12-17,-1.008703,1.170978,1,0,5.014158,0,0,mundane,casual
AAPL,2025-12-18,0.128767,1.199574,0,1,4.891848,0,0,mundane,casual
AAPL,2025-12-19,0.543738,3.317158,0,2,4.374709,0,0,volume_spike,attention
AAPL,2025-12-22,-0.986596,0.753412,1,0,5.318144,0,0,mundane,casual
AAPL,2025-12-23,0.512973,0.625113,0,1,4.832451,0,0,mundane,casual
AAPL,2025-12-24,0.532376,0.392592,0,2,4.325802,0,0,mundane,casual
AAPL,2025-12-26,-0.149734,0.487235,1,0,4.469058,0,0,mundane,casual
AAPL,2025-12-29,0.131681,0.544229,0,1,4.343262,0,0,mundane,casual
AAPL,2025-12-30,-0.248395,0.505993,1,0,4.580869,0,0,mundane,casual
AAPL,2025-12-31,-0.446762,0.641714,2,0,5.007165,0,0,mundane,casual
AAPL,2026-01-02,-0.312658,0.918098,3,0,5.304169,0,0,mundane,casual
AAPL,2026-01-05,-1.383708,1.115290,4,0,6.614483,0,0,losing_streak,desperate
AAPL,2026-01-06,-1.833428,1.276524,5,0,8.326639,0,0,mundane,casual
AAPL,2026-01-07,-0.773752,1.170699,6,0,9.035964,0,0,losing_streak,desperate
AAPL,2026-01-08,-0.495513,1.207050,7,0,9.486702,0,0,mundane,casual
AAPL,2026-01-09,0.127392,0.937094,0,1,9.371396,0,0,mundane,casual
AAPL,2026-01-12,0.339289,1.051915,0,2,9.063903,0,0,mundane,casual
AAPL,2026-01-13,0.307394,1.048134,0,3,8.784371,0,0,mundane,casual
AAPL,2026-01-14,-0.417554,0.910762,1,0,9.165246,0,0,mundane,casual
AAPL,2026-01-15,-0.673176,0.907130,2,0,9.776724,0,0,mundane,casual
AAPL,2026-01-16,-1.037911,1.658146,3,0,10.713161,0,0,mundane,casual
AAPL,2026-01-20,-3.455563,1.799384,4,0,13.798524,0,0,losing_streak,desperate
AAPL,2026-01-21,0.385082,1.186827,0,1,13.466578,0,0,mundane,casual
AAPL,2026-01-22,0.282659,0.955891,0,2,13.221983,0,0,mundane,casual
AAPL,2026-01-23,-0.124830,0.999797,1,0,13.330308,0,0,mundane,casual
AAPL,2026-01-26,2.971300,1.323155,0,1,10.755091,0,0,mundane,casual
AAPL,2026-01-27,1.119755,1.123195,0,2,9.755767,0,0,mundane,casual
AAPL,2026-01-28,-0.708541,0.905259,1,0,10.395185,0,0,mundane,casual
AAPL,2026-01-29,0.717512,1.446684,0,1,9.752260,0,0,mundane,casual
AAPL,2026-01-30,0.464614,1.896533,0,2,9.332956,0,0,mundane,casual
AAPL,2026-02-02,4.058123,1.421388,0,3,5.653576,0,0,mundane,casual
AAPL,2026-02-03,-0.196290,1.196825,1,0,5.838768,0,0,mundane,casual
AAPL,2026-02-04,2.601281,1.654044,0,1,3.389370,0,0,mundane,casual
AAPL,2026-02-05,-0.209752,0.935143,1,0,3.592013,0,0,mundane,casual
AAPL,2026-02-06,0.800967,0.886936,0,1,2.819816,0,0,mundane,casual
AAPL,2026-02-09,-1.166042,0.784425,1,0,3.952978,0,0,mundane,casual
AAPL,2026-02-10,-0.342302,0.601857,2,0,4.281749,0,0,mundane,casual
AAPL,2026-02-11,0.665015,0.917940,0,1,3.645207,0,0,mundane,casual
AAPL,2026-02-12,-4.998168,1.425313,1,0,8.461182,0,0,mundane,casual
AAPL,2026-02-13,-2.273349,0.955105,2,0,10.542178,0,0,mundane,casual
AAPL,2026-02-17,3.166790,0.978042,0,1,7.709237,0,0,mundane,casual
AAPL,2026-02-18,0.178117,0.578755,0,2,7.544852,0,0,mundane,casual
AAPL,2026-02-19,-1.426159,0.543100,1,0,8.863409,0,0,mundane,casual
AAPL,2026-02-20,1.535043,0.756595,0,1,7.464423,0,0,mundane,casual
AAPL,2026-02-23,0.604728,0.669528,0,2,6.904835,0,0,mundane,casual
AAPL,2026-02-24,2.239105,0.847047,0,3,4.820337,0,0,mundane,casual
AAPL,2026-02-25,0.767986,0.612359,0,4,4.089371,0,0,winning_streak,smug
AAPL,2026-02-26,-0.466769,0.596117,1,0,4.537051,0,0,mundane,casual
AAPL,2026-02-27,-3.213049,1.344789,2,0,7.604323,0,0,mundane,casual
AAPL,2026-03-02,0.204404,0.773613,0,1,7.415463,0,0,mundane,casual
AAPL,2026-03-03,-0.366409,0.748367,1,0,7.754701,0,0,mundane,casual
AAPL,2026-03-04,-0.466364,0.799737,2,0,8.184900,0,0,mundane,casual
AAPL,2026-03-05,-0.849454,1.023031,3,0,8.964827,0,0,mundane,casual
AAPL,2026-03-06,-1.087257,0.884372,4,0,9.954614,0,0,losing_streak,desperate
AAPL,2026-03-09,0.939960,0.832585,0,1,9.108223,0,0,mundane,casual
AAPL,2026-03-10,0.365552,0.675418,0,2,8.775967,0,0,mundane,casual
AAPL,2026-03-11,-0.007677,0.587999,1,0,8.782970,0,0,mundane,casual
AAPL,2026-03-12,-1.936268,0.923314,2,0,10.549177,0,0,mundane,casual
AAPL,2026-03-13,-2.205189,0.846528,3,0,12.521736,0,0,mundane,casual
AAPL,2026-03-16,1.079488,0.774404,0,1,11.577419,0,0,mundane,casual
AAPL,2026-03-17,0.557702,0.804873,0,2,11.084284,0,0,mundane,casual
AAPL,2026-03-18,-1.687445,0.919186,1,0,12.584688,0,0,mundane,casual
AAPL,2026-03-19,-0.392089,0.894423,2,0,12.927434,0,0,mundane,casual
AAPL,2026-03-20,-0.389629,2.254472,3,0,13.266693,0,0,volume_spike,attention
AAPL,2026-03-23,1.411351,0.977170,0,1,12.042582,0,0,mundane,casual
AAPL,2026-03-24,0.059639,1.083951,0,2,11.990125,0,0,mundane,casual
AAPL,2026-03-25,0.389446,0.685159,0,3,11.647374,0,0,mundane,casual
AAPL,2026-03-26,0.106885,1.012019,0,4,11.552939,0,0,winning_streak,smug
AAPL,2026-03-27,-1.617305,1.146677,1,0,12.983398,0,0,mundane,casual
AAPL,2026-03-30,-0.872188,0.972790,2,0,13.742346,0,0,mundane,casual
AAPL,2026-03-31,2.903129,1.226750,0,1,11.238175,0,0,mundane,casual
AAPL,2026-04-01,0.725012,0.977489,0,2,10.594641,0,0,mundane,casual
AAPL,2026-04-02,0.113447,0.763254,0,3,10.493213,0,0,mundane,casual
AAPL,2026-04-06,1.148781,0.731851,0,4,9.464976,0,0,winning_streak,smug
AAPL,2026-04-07,-2.070605,1.573893,1,0,11.339598,0,0,mundane,casual
AAPL,2026-04-08,2.130172,1.008591,0,1,9.450979,0,0,mundane,casual
AAPL,2026-04-09,0.614133,0.682474,0,2,8.894888,0,0,mundane,casual
AAPL,2026-04-10,-0.003826,0.757654,1,0,8.898373,0,0,mundane,casual
AAPL,2026-04-13,-0.491397,0.887553,2,0,9.346044,0,0,mundane,casual
AAPL,2026-04-14,-0.142764,1.185829,3,0,9.475465,0,0,mundane,casual
AAPL,2026-04-15,2.936300,1.199687,0,1,6.817393,0,0,mundane,casual
AAPL,2026-04-16,-1.137269,1.019774,1,0,7.877129,0,0,mundane,casual
AAPL,2026-04-17,2.593029,1.433372,0,1,5.488356,0,0,mundane,casual
AAPL,2026-04-20,1.043542,0.828022,0,2,4.502087,0,0,mundane,casual
AAPL,2026-04-21,-2.519671,1.206884,1,0,6.908321,0,0,mundane,casual
AAPL,2026-04-22,2.629905,1.027638,0,1,4.460098,0,0,mundane,casual
AAPL,2026-04-23,0.095162,0.795401,0,2,4.369180,0,0,mundane,casual
AAPL,2026-04-24,-0.866769,0.903404,1,0,5.198079,0,0,mundane,casual
AAPL,2026-04-27,-1.272779,0.986012,2,0,6.404697,0,0,mundane,casual
AAPL,2026-04-28,1.158404,0.958918,0,1,5.320485,0,0,mundane,casual
AAPL,2026-04-29,-0.199473,0.719503,1,0,5.509346,0,0,mundane,casual
AAPL,2026-04-30,0.436769,2.252036,0,1,5.096640,0,0,volume_spike,attention
AAPL,2026-05-01,3.239352,1.842474,0,2,2.022386,0,0,mundane,casual
AAPL,2026-05-04,-1.181554,1.018844,1,0,3.180044,0,0,mundane,casual
AAPL,2026-05-05,2.655062,1.056554,0,1,0.609415,0,0,mundane,casual
AAPL,2026-05-06,1.171792,1.267340,0,2,0.000000,1,0,new_52w_high,euphoric
AAPL,2026-05-07,-0.024350,0.964363,1,0,0.024350,0,0,mundane,casual
AAPL,2026-05-08,2.045648,1.103499,0,1,0.000000,1,0,new_52w_high,euphoric
AAPL,2026-05-11,-0.126261,0.865356,1,0,0.126261,0,0,mundane,casual
AAPL,2026-05-12,0.724337,0.931328,0,1,0.000000,1,0,new_52w_high,euphoric
AAPL,2026-05-13,1.380599,1.075404,0,2,0.000000,1,0,new_52w_high,euphoric
AAPL,2026-05-14,-0.220829,0.719027,1,0,0.220829,0,0,mundane,casual
AAPL,2026-05-15,0.677382,1.125879,0,1,0.000000,1,0,new_52w_high,euphoric
AAPL,2026-05-18,-0.796066,0.712456,1,0,0.796066,0,0,mundane,casual
AAPL,2026-05-19,0.379399,0.874702,0,1,0.419687,0,0,mundane,casual
AAPL,2026-05-20,1.097106,0.798175,0,2,0.000000,1,0,new_52w_high,euphoric
AAPL,2026-05-21,0.906525,0.901765,0,3,0.000000,1,0,new_52w_high,euphoric
AAPL,2026-05-22,1.255786,0.907455,0,4,0.000000,1,0,new_52w_high,euphoric
AAPL,2026-05-26,-0.158673,0.991757,1,0,0.158673,0,0,mundane,casual
AAPL,2026-05-27,0.817314,1.034986,0,1,0.000000,1,0,new_52w_high,euphoric
AAPL,2026-05-28,0.534020,0.979159,0,2,0.000000,1,0,new_52w_high,euphoric
AAPL,2026-05-29,-0.143997,1.396197,1,0,0.143997,0,0,mundane,casual
AAPL,2026-06-01,-1.842598,0.995630,2,0,1.983941,0,0,mundane,casual
AAPL,2026-06-02,2.902294,0.937355,0,1,0.000000,1,0,new_52w_high,euphoric
AAPL,2026-06-03,-1.567264,1.072406,1,0,1.567264,0,0,mundane,casual
AAPL,2026-06-04,0.312645,0.944998,0,1,1.259519,0,0,mundane,casual
AAPL,2026-06-05,-1.249883,1.395307,1,0,2.493659,0,0,mundane,casual
AAPL,2026-06-08,-1.887155,1.630340,2,0,4.333755,0,0,mundane,casual
AAPL,2026-06-09,-3.644634,1.428623,3,0,7.820439,0,0,mundane,casual
AAPL,2026-06-10,0.354500,1.046086,0,1,7.493662,0,0,mundane,casual
AAPL,2026-06-11,1.388984,0.837716,0,2,6.208764,0,0,mundane,casual
AAPL,2026-06-12,-1.522163,0.770004,1,0,7.636420,0,0,mundane,casual
AAPL,2026-06-15,1.817054,0.905865,0,1,5.958124,0,0,mundane,casual
AAPL,2026-06-16,0.951351,0.797034,0,2,5.063455,0,0,mundane,casual
AAPL,2026-06-17,-1.099454,0.849836,1,0,6.107239,0,0,mundane,casual
AAPL,2026-06-18,0.696064,1.708205,0,1,5.453685,0,0,mundane,casual
AAPL,2026-06-22,-0.335551,0.851454,1,0,5.770936,0,0,mundane,casual
AAPL,2026-06-23,-0.912440,0.984953,2,0,6.630719,0,0,mundane,casual
AAPL,2026-06-24,-0.414548,0.997358,3,0,7.017780,0,0,mundane,casual
AAPL,2026-06-25,-6.117774,2.001132,4,0,12.706222,0,0,big_drop,anxious
AAPL,2026-06-26,3.136469,4.649180,0,1,9.968280,0,0,volume_spike,attention
AAPL,2026-06-29,-0.718865,0.991692,1,0,10.615487,0,0,mundane,casual
AAPL,2026-06-30,2.704621,0.974503,0,1,8.197974,0,0,mundane,casual
AAPL,2026-07-01,1.734867,0.741898,0,2,6.605331,0,0,mundane,casual
AAPL,2026-07-02,4.840675,1.109803,0,3,2.084398,0,0,mundane,casual
AAPL,2026-07-06,1.305778,0.775281,0,4,0.805838,0,0,winning_streak,smug
AAPL,2026-07-07,-0.639677,0.610845,1,0,1.440360,0,0,mundane,casual
AAPL,2026-07-08,0.878779,0.603983,0,1,0.574239,0,0,mundane,casual
AAPL,2026-07-09,0.903023,0.722731,0,2,0.000000,1,0,new_52w_high,euphoric
AAPL,2026-07-10,-0.284605,0.521201,1,0,0.284605,0,0,mundane,casual
AAPL,2026-07-13,0.631094,0.670095,0,1,0.000000,1,0,new_52w_high,euphoric
AAPL,2026-07-14,-0.772112,0.562585,1,0,0.772112,0,0,mundane,casual
AAPL,2026-07-15,4.014486,0.945537,0,1,0.000000,1,0,new_52w_high,euphoric
AAPL,2026-07-16,1.758778,0.965362,0,2,0.000000,1,0,new_52w_high,euphoric
AAPL,2026-07-17,0.144022,0.955144,0,3,0.000000,1,0,new_52w_high,euphoric
AAPL,2026-07-20,-2.142384,0.793083,1,0,2.142384,0,0,mundane,casual
AAPL,2026-07-21,0.352126,0.628316,0,1,1.797801,0,0,mundane,casual
AAPL,2026-07-22,-0.564467,0.590646,1,0,2.352120,0,0,mundane,casual
AAPL,2026-07-23,-1.297982,0.628771,2,0,3.619572,0,0,mundane,casual
AAPL,2026-07-24,3.531672,0.738085,0,1,0.215731,0,0,mundane,casual
AAPL,2026-07-27,1.168101,0.808346,0,2,0.000000,1,0,new_52w_high,euphoric
AAPL,2026-07-28,0.940894,1.021720,0,3,0.000000,1,0,new_52w_high,euphoric
AAPL,2026-07-29,-0.555741,1.121184,1,0,0.555741,0,0,mundane,casual
AAPL,2026-07-30,-1.407499,1.509101,2,0,1.955418,0,0,mundane,casual
AAPL,2026-07-31,-7.353859,2.607520,3,0,9.165478,0,0,big_drop,anxious
AAPL,2026-08-03,-1.777214,1.398470,4,0,10.779802,0,0,losing_streak,desperate
AAPL,2026-08-04,1.964264,1.242247,0,1,9.027282,0,0,mundane,casual
AAPL,2026-08-05,0.523634,0.882586,0,2,8.550918,0,0,mundane,casual
AAPL,2026-08-06,0.453376,0.817770,0,3,8.136310,0,0,mundane,casual
AAPL,2026-08-07,0.294479,0.611430,0,4,7.865791,0,0,winning_streak,smug
AAPL,2026-08-10,-1.533249,0.795427,1,0,9.278437,0,0,mundane,casual
AAPL,2026-08-11,-1.086747,0.664299,2,0,10.264351,0,0,mundane,casual
AAPL,2026-08-12,-0.872390,0.737667,3,0,11.047196,0,0,mundane,casual
AAPL,2026-08-13,0.995868,0.726918,0,1,10.161343,0,0,mundane,casual
AAPL,2026-08-14,0.219479,0.519149,0,2,9.964166,0,0,mundane,casual
AAPL,2026-08-17,-0.111136,0.725412,1,0,10.064228,0,0,mundane,casual
AAPL,2026-08-18,1.452928,1.030317,0,1,8.757526,0,0,mundane,casual
AAPL,2026-08-19,2.193332,0.962804,0,2,6.756275,0,0,mundane,casual
AAPL,2026-08-20,-1.745415,0.772170,1,0,8.383765,0,0,mundane,casual
AAPL,2026-08-21,-0.626400,0.883631,2,0,8.957649,0,0,mundane,casual
AAPL,2026-08-24,0.320023,0.653978,0,1,8.666293,0,0,mundane,casual
AAPL,2026-08-25,-0.141781,0.494898,1,0,8.795786,0,0,mundane,casual
AAPL,2026-08-26,1.145537,0.667493,0,1,7.751009,0,0,mundane,casual
AAPL,2026-08-27,0.360496,0.650071,0,2,7.418455,0,0,mundane,casual
AAPL,2026-08-28,1.627575,0.809406,0,3,5.911621,0,0,mundane,casual
AAPL,2026-08-31,-0.891463,0.957833,1,0,6.750383,0,0,mundane,casual
AAPL,2026-09-01,2.613224,1.285234,0,1,4.313562,0,0,mundane,casual
AAPL,2026-09-02,-0.052291,0.828553,1,0,4.363598,0,0,mundane,casual
MSFT,2025-08-26,-0.440253,1.334115,2,0,6.118792,0,0,mundane,casual
MSFT,2025-08-27,0.936181,0.725001,0,1,5.239894,0,0,mundane,casual
MSFT,2025-08-28,0.572287,0.770674,0,2,4.697594,0,0,mundane,casual
MSFT,2025-08-29,-0.578841,0.966135,1,0,5.249243,0,0,mundane,casual
MSFT,2025-09-02,-0.309861,0.851258,2,0,5.542839,0,0,mundane,casual
MSFT,2025-09-03,0.045539,0.780774,0,1,5.499824,0,0,mundane,casual
MSFT,2025-09-04,0.518455,0.745894,0,2,5.009883,0,0,mundane,casual
MSFT,2025-09-05,-2.553302,1.560656,1,0,7.435267,0,0,mundane,casual
MSFT,2025-09-08,0.646465,0.787495,0,1,6.836868,0,0,mundane,casual
MSFT,2025-09-09,0.042157,0.674692,0,2,6.797593,0,0,mundane,casual
MSFT,2025-09-10,0.393243,1.025741,0,3,6.431081,0,0,mundane,casual
MSFT,2025-09-11,0.127909,0.889941,0,4,6.311398,0,0,winning_streak,smug
MSFT,2025-09-12,1.774414,1.115444,0,5,4.648974,0,0,mundane,casual
MSFT,2025-09-15,1.070803,0.803079,0,6,3.627953,0,0,winning_streak,smug
MSFT,2025-09-16,-1.226329,0.941166,1,0,4.809791,0,0,mundane,casual
MSFT,2025-09-17,0.192510,0.762551,0,1,4.626541,0,0,mundane,casual
MSFT,2025-09-18,-0.307819,0.924492,1,0,4.920119,0,0,mundane,casual
MSFT,2025-09-19,1.864486,2.621345,0,1,3.147368,0,0,volume_spike,attention
MSFT,2025-09-22,-0.671893,0.921258,1,0,3.798114,0,0,mundane,casual
MSFT,2025-09-23,-1.014687,0.920749,2,0,4.774262,0,0,mundane,casual
MSFT,2025-09-24,0.180656,0.632066,0,1,4.602231,0,0,mundane,casual
MSFT,2025-09-25,-0.611579,0.768321,1,0,5.185665,0,0,mundane,casual
MSFT,2025-09-26,0.873712,0.791958,0,1,4.357261,0,0,mundane,casual
MSFT,2025-09-29,0.613930,0.864378,0,2,3.770082,0,0,mundane,casual
MSFT,2025-09-30,0.650997,0.975925,0,3,3.143628,0,0,mundane,casual
MSFT,2025-10-01,0.339795,1.115173,0,4,2.814515,0,0,winning_streak,smug
MSFT,2025-10-02,-0.763891,1.029776,1,0,3.556906,0,0,mundane,casual
MSFT,2025-10-03,0.312173,0.723253,0,1,3.255837,0,0,mundane,casual
MSFT,2025-10-06,2.168753,1.066722,0,2,1.157695,0,0,mundane,casual
MSFT,2025-10-07,-0.868382,0.720612,1,0,2.016024,0,0,mundane,casual
MSFT,2025-10-08,0.166028,0.658559,0,1,1.853344,0,0,mundane,casual
MSFT,2025-10-09,-0.466797,0.922741,1,0,2.311490,0,0,mundane,casual
MSFT,2025-10-10,-2.189882,1.215651,2,0,4.450753,0,0,mundane,casual
MSFT,2025-10-13,0.604745,0.718593,0,1,3.872924,0,0,mundane,casual
MSFT,2025-10-14,-0.093392,0.744072,1,0,3.962699,0,0,mundane,casual
MSFT,2025-10-15,-0.027248,0.754206,2,0,3.988867,0,0,mundane,casual
MSFT,2025-10-16,-0.354484,0.800903,3,0,4.329211,0,0,mundane,casual
MSFT,2025-10-17,0.385070,1.031565,0,1,3.960812,0,0,mundane,casual
MSFT,2025-10-20,0.625013,0.831876,0,2,3.360555,0,0,mundane,casual
MSFT,2025-10-21,0.168350,0.897701,0,3,3.197862,0,0,mundane,casual
MSFT,2025-10-22,0.556351,1.105588,0,4,2.659302,0,0,winning_streak,smug
MSFT,2025-10-23,0.003842,0.804878,0,5,2.655562,0,0,mundane,casual
MSFT,2025-10-24,0.585903,0.896014,0,6,2.085219,0,0,winning_streak,smug
MSFT,2025-10-27,1.510668,1.082871,0,7,0.606051,0,0,mundane,casual
MSFT,2025-10-28,1.984878,1.727663,0,8,0.000000,1,0,new_52w_high,euphoric
MSFT,2025-10-29,-0.095949,2.015868,1,0,0.095949,0,0,volume_spike,attention
MSFT,2025-10-30,-2.915681,2.212769,2,0,3.008832,0,0,volume_spike,attention
MSFT,2025-10-31,-1.512110,1.741304,3,0,4.475445,0,0,mundane,casual
MSFT,2025-11-03,-0.150632,1.092836,4,0,4.619336,0,0,losing_streak,desperate
MSFT,2025-11-04,-0.522210,1.021216,5,0,5.117423,0,0,mundane,casual
MSFT,2025-11-05,-1.394045,1.104789,6,0,6.440129,0,0,losing_streak,desperate
MSFT,2025-11-06,-1.983595,1.285272,7,0,8.295978,0,0,mundane,casual
MSFT,2025-11-07,-0.056319,1.103007,8,0,8.347625,0,0,losing_streak,desperate
MSFT,2025-11-10,1.847742,1.198914,0,1,6.654125,0,0,mundane,casual
MSFT,2025-11-11,0.529653,0.804049,0,2,6.159716,0,0,mundane,casual
MSFT,2025-11-12,0.483608,1.179712,0,3,5.705897,0,0,mundane,casual
MSFT,2025-11-13,-1.535791,1.093099,1,0,7.154057,0,0,mundane,casual
MSFT,2025-11-14,1.368991,1.207547,0,1,5.883004,0,0,mundane,casual
MSFT,2025-11-17,-0.527267,0.794270,1,0,6.379252,0,0,mundane,casual
MSFT,2025-11-18,-2.699560,1.393889,2,0,8.906600,0,0,mundane,casual
MSFT,2025-11-19,-1.350777,0.923496,3,0,10.137069,0,0,mundane,casual
MSFT,2025-11-20,-1.600132,1.055835,4,0,11.574995,0,0,losing_streak,desperate
MSFT,2025-11-21,-1.318893,1.220763,5,0,12.741226,0,0,mundane,casual
MSFT,2025-11-24,0.398201,1.282647,0,1,12.393761,0,0,mundane,casual
MSFT,2025-11-25,0.630798,1.014467,0,2,11.841143,0,0,mundane,casual
MSFT,2025-11-26,1.784106,0.934133,0,3,10.268295,0,0,mundane,casual
MSFT,2025-11-28,1.340893,0.532719,0,4,9.065089,0,0,winning_streak,smug
MSFT,2025-12-01,-1.071118,0.933383,1,0,10.039110,0,0,mundane,casual
MSFT,2025-12-02,0.669761,0.777154,0,1,9.436587,0,0,mundane,casual
MSFT,2025-12-03,-2.504084,1.382854,1,0,11.704371,0,0,mundane,casual
MSFT,2025-12-04,0.650995,0.867924,0,1,11.129571,0,0,mundane,casual
MSFT,2025-12-05,0.482486,0.880430,0,2,10.700783,0,0,mundane,casual
MSFT,2025-12-08,1.626798,0.863465,0,3,9.248065,0,0,mundane,casual
MSFT,2025-12-09,0.203655,0.580035,0,4,9.063245,0,0,winning_streak,smug
MSFT,2025-12-10,-2.735663,1.443744,1,0,11.550967,0,0,mundane,casual
MSFT,2025-12-11,1.025997,0.961571,0,1,10.643483,0,0,mundane,casual
MSFT,2025-12-12,-1.021777,0.831309,1,0,11.556507,0,0,mundane,casual
MSFT,2025-12-15,-0.775292,0.935688,2,0,12.242202,0,0,mundane,casual
MSFT,2025-12-16,0.330649,0.824278,0,1,11.952032,0,0,mundane,casual
MSFT,2025-12-17,-0.056679,0.973290,1,0,12.001937,0,0,mundane,casual
MSFT,2025-12-18,1.650852,1.155142,0,1,10.549219,0,0,mundane,casual
MSFT,2025-12-19,0.400842,2.833181,0,2,10.190663,0,0,volume_spike,attention
MSFT,2025-12-22,-0.205799,0.623548,1,0,10.375489,0,0,mundane,casual
MSFT,2025-12-23,0.398007,0.554858,0,1,10.018778,0,0,mundane,casual
MSFT,2025-12-24,0.240315,0.229852,0,2,9.802540,0,0,mundane,casual
MSFT,2025-12-26,-0.063515,0.362852,1,0,9.859829,0,0,mundane,casual
MSFT,2025-12-29,-0.125078,0.463051,2,0,9.972574,0,0,mundane,casual
MSFT,2025-12-30,0.078017,0.597179,0,1,9.902337,0,0,mundane,casual
MSFT,2025-12-31,-0.791833,0.682794,1,0,10.615760,0,0,mundane,casual
MSFT,2026-01-02,-2.208345,1.128910,2,0,12.589673,0,0,mundane,casual
MSFT,2026-01-05,-0.019026,1.137431,3,0,12.606304,0,0,mundane,casual
MSFT,2026-01-06,1.196993,1.030953,0,1,11.560208,0,0,mundane,casual
MSFT,2026-01-07,1.036553,1.142919,0,2,10.643483,0,0,mundane,casual
MSFT,2026-01-08,-1.108650,0.805530,1,0,11.634134,0,0,mundane,casual
MSFT,2026-01-09,0.244714,0.813839,0,1,11.417890,0,0,mundane,casual
MSFT,2026-01-12,-0.438164,1.076059,1,0,11.806025,0,0,mundane,casual
MSFT,2026-01-13,-1.364259,1.309441,2,0,13.009219,0,0,mundane,casual
MSFT,2026-01-14,-2.398705,1.271575,3,0,15.095872,0,0,mundane,casual
MSFT,2026-01-15,-0.592109,1.037436,4,0,15.598596,0,0,losing_streak,desperate
MSFT,2026-01-16,0.700743,1.521149,0,1,15.007159,0,0,mundane,casual
MSFT,2026-01-20,-1.161230,1.136103,1,0,15.994121,0,0,mundane,casual
MSFT,2026-01-21,-2.290332,1.660168,2,0,17.918135,0,0,mundane,casual
MSFT,2026-01-22,1.582950,1.193771,0,1,16.618821,0,0,mundane,casual
MSFT,2026-01-23,3.282797,1.754877,0,2,13.881586,0,0,mundane,casual
MSFT,2026-01-26,0.929284,1.283583,0,3,13.081301,0,0,mundane,casual
MSFT,2026-01-27,2.190180,1.217670,0,4,11.177625,0,0,winning_streak,smug
MSFT,2026-01-28,0.218483,1.474413,0,5,10.983563,0,0,mundane,casual
MSFT,2026-01-29,-9.993140,4.897704,1,0,19.879100,0,0,big_drop,anxious
MSFT,2026-01-30,-0.740490,1.827080,2,0,20.472388,0,0,mundane,casual
MSFT,2026-02-02,-1.608217,1.234387,3,0,21.751365,0,0,mundane,casual
MSFT,2026-02-03,-2.872193,1.753194,4,0,23.998816,0,0,losing_streak,desperate
MSFT,2026-02-04,0.724698,1.221695,0,1,23.448038,0,0,mundane,casual
MSFT,2026-02-05,-4.954245,1.747075,1,0,27.240609,0,0,mundane,casual
MSFT,2026-02-06,1.897522,1.338578,0,1,25.859984,0,0,mundane,casual
MSFT,2026-02-09,3.106152,1.089435,0,2,23.557082,0,0,mundane,casual
MSFT,2026-02-10,-0.079800,1.040875,1,0,23.618083,0,0,mundane,casual
MSFT,2026-02-11,-2.153551,0.962135,2,0,25.263007,0,0,mundane,casual
MSFT,2026-02-12,-0.625662,0.909540,3,0,25.730608,0,0,mundane,casual
MSFT,2026-02-13,-0.129405,0.749408,4,0,25.826716,0,0,losing_streak,desperate
MSFT,2026-02-17,-1.111333,0.696840,5,0,26.651028,0,0,mundane,casual
MSFT,2026-02-18,0.690417,0.505667,0,1,26.144614,0,0,mundane,casual
MSFT,2026-02-19,-0.057687,0.616719,1,0,26.187219,0,0,mundane,casual
MSFT,2026-02-20,-0.308689,0.750993,2,0,26.415071,0,0,mundane,casual
MSFT,2026-02-23,-3.212244,0.945576,3,0,28.778798,0,0,mundane,casual
MSFT,2026-02-24,1.178238,0.736803,0,1,27.939643,0,0,mundane,casual
MSFT,2026-02-25,2.982008,0.943897,0,2,25.790797,0,0,mundane,casual
MSFT,2026-02-26,0.279580,0.732990,0,3,25.583323,0,0,mundane,casual
MSFT,2026-02-27,-2.235388,1.097224,1,0,27.246824,0,0,mundane,casual
MSFT,2026-03-02,1.479345,0.826127,0,1,26.170554,0,0,mundane,casual
MSFT,2026-03-03,1.349899,0.914149,0,2,25.173931,0,0,mundane,casual
MSFT,2026-03-04,0.314415,0.861068,0,3,24.938666,0,0,mundane,casual
MSFT,2026-03-05,1.352412,0.967660,0,4,23.923528,0,0,winning_streak,smug
MSFT,2026-03-06,-0.418814,0.778016,1,0,24.242147,0,0,mundane,casual
MSFT,2026-03-09,0.110035,0.787846,0,1,24.158787,0,0,mundane,casual
MSFT,2026-03-10,-0.891523,0.855155,1,0,24.834929,0,0,mundane,casual
MSFT,2026-03-11,-0.216881,0.701112,2,0,24.997948,0,0,mundane,casual
MSFT,2026-03-12,-0.745908,0.769715,3,0,25.557394,0,0,mundane,casual
MSFT,2026-03-13,-1.570195,0.774623,4,0,26.726288,0,0,losing_streak,desperate
MSFT,2026-03-16,1.112381,0.816617,0,1,25.911205,0,0,mundane,casual
MSFT,2026-03-17,-0.135014,0.779588,1,0,26.011236,0,0,mundane,casual
MSFT,2026-03-18,-1.907819,0.776837,2,0,27.422808,0,0,mundane,casual
MSFT,2026-03-19,-0.707011,0.750736,3,0,27.935936,0,0,mundane,casual
MSFT,2026-03-20,-1.837955,1.525713,4,0,29.260442,0,0,losing_streak,desperate
MSFT,2026-03-23,0.295925,0.868533,0,1,29.051106,0,0,mundane,casual
MSFT,2026-03-24,-2.678861,1.275829,1,0,30.951728,0,0,mundane,casual
MSFT,2026-03-25,-0.456076,0.918791,2,0,31.266640,0,0,mundane,casual
MSFT,2026-03-26,-1.366436,1.105706,3,0,32.205838,0,0,mundane,casual
MSFT,2026-03-27,-2.513860,1.132994,4,0,33.910088,0,0,losing_streak,desperate
MSFT,2026-03-30,0.613838,1.367332,0,1,33.504403,0,0,mundane,casual
MSFT,2026-03-31,3.122913,1.361616,0,2,31.427803,0,0,mundane,casual
MSFT,2026-04-01,-0.216120,0.876015,1,0,31.576001,0,0,mundane,casual
MSFT,2026-04-02,1.107289,0.724541,0,1,30.818350,0,0,mundane,casual
MSFT,2026-04-06,-0.155298,0.496573,1,0,30.925788,0,0,mundane,casual
MSFT,2026-04-07,-0.158227,0.675014,2,0,31.035082,0,0,mundane,casual
MSFT,2026-04-08,0.547944,1.055279,0,1,30.657193,0,0,mundane,casual
MSFT,2026-04-09,-0.336593,0.969256,1,0,30.890596,0,0,mundane,casual
MSFT,2026-04-10,-0.589705,0.888275,2,0,31.298137,0,0,mundane,casual
MSFT,2026-04-13,3.640093,1.128012,0,1,28.797325,0,0,mundane,casual
MSFT,2026-04-14,2.273848,1.167125,0,2,27.178285,0,0,mundane,casual
MSFT,2026-04-15,4.606858,1.381354,0,3,23.823492,0,0,mundane,casual
MSFT,2026-04-16,2.198336,1.240672,0,4,22.148876,0,0,winning_streak,smug
MSFT,2026-04-17,0.602012,1.413877,0,5,21.680203,0,0,mundane,casual
MSFT,2026-04-20,-1.116396,0.776470,1,0,22.554562,0,0,mundane,casual
MSFT,2026-04-21,1.456689,0.932754,0,1,21.426422,0,0,mundane,casual
MSFT,2026-04-22,2.065265,0.852099,0,2,19.803670,0,0,mundane,casual
MSFT,2026-04-23,-3.966092,1.133049,1,0,22.984331,0,0,mundane,casual
MSFT,2026-04-24,2.133493,0.803647,0,1,21.341207,0,0,mundane,casual
MSFT,2026-04-27,0.047100,0.916024,0,2,21.304158,0,0,mundane,casual
MSFT,2026-04-28,1.042792,0.912790,0,3,20.483524,0,0,mundane,casual
MSFT,2026-04-29,-1.115898,1.173469,1,0,21.370847,0,0,mundane,casual
MSFT,2026-04-30,-3.929697,2.196665,2,0,24.460735,0,0,volume_spike,attention
MSFT,2026-05-01,1.633233,0.913180,0,1,23.227003,0,0,mundane,casual
MSFT,2026-05-04,-0.197862,0.808396,1,0,23.378908,0,0,mundane,casual
MSFT,2026-05-05,-0.541560,0.727767,2,0,23.793857,0,0,mundane,casual
MSFT,2026-05-06,0.627156,0.852460,0,1,23.315925,0,0,mundane,casual
MSFT,2026-05-07,1.645091,0.987389,0,2,22.054403,0,0,mundane,casual
MSFT,2026-05-08,-1.342777,0.937377,1,0,23.101038,0,0,mundane,casual
MSFT,2026-05-11,-0.592600,0.993874,2,0,23.556741,0,0,mundane,casual
MSFT,2026-05-12,-1.184997,1.075848,3,0,24.462591,0,0,mundane,casual
MSFT,2026-05-13,-0.627801,0.825743,4,0,24.936816,0,0,losing_streak,desperate
MSFT,2026-05-14,1.041429,0.770167,0,1,24.155086,0,0,mundane,casual
MSFT,2026-05-15,3.050587,1.474633,0,2,21.841371,0,0,mundane,casual
MSFT,2026-05-18,0.383967,0.942798,0,3,21.541268,0,0,mundane,casual
MSFT,2026-05-19,-1.444965,0.949114,1,0,22.674970,0,0,mundane,casual
MSFT,2026-05-20,0.872015,0.799829,0,1,22.000684,0,0,mundane,casual
MSFT,2026-05-21,-0.252292,0.903105,1,0,22.197470,0,0,mundane,casual
MSFT,2026-05-22,-0.124069,0.650578,2,0,22.293998,0,0,mundane,casual
MSFT,2026-05-26,-0.606833,0.889802,3,0,22.765544,0,0,mundane,casual
MSFT,2026-05-27,-0.807630,0.846578,4,0,23.389312,0,0,losing_streak,desperate
MSFT,2026-05-28,3.470077,1.387176,0,1,20.730862,0,0,mundane,casual
MSFT,2026-05-29,5.445096,2.308121,0,2,16.414582,0,0,big_gain,manic
MSFT,2026-06-01,2.283226,1.534546,0,3,14.506137,0,0,mundane,casual
MSFT,2026-06-02,-4.171375,1.027072,1,0,18.072407,0,0,mundane,casual
MSFT,2026-06-03,-3.165570,1.069241,2,0,20.665882,0,0,mundane,casual
MSFT,2026-06-04,0.166140,0.723574,0,1,20.534076,0,0,mundane,casual
MSFT,2026-06-05,-2.658567,0.939893,1,0,22.646731,0,0,mundane,casual
MSFT,2026-06-08,-1.183193,0.867242,2,0,23.561969,0,0,mundane,casual
MSFT,2026-06-09,-2.023117,0.956235,3,0,25.108400,0,0,mundane,casual
MSFT,2026-06-10,-1.499723,0.882420,4,0,26.231567,0,0,losing_streak,desperate
MSFT,2026-06-11,-1.766651,1.289721,5,0,27.534798,0,0,mundane,casual
MSFT,2026-06-12,0.102470,0.929913,0,1,27.460543,0,0,mundane,casual
MSFT,2026-06-15,2.308449,0.851738,0,2,25.786007,0,0,mundane,casual
MSFT,2026-06-16,-1.483397,0.852508,1,0,26.886895,0,0,mundane,casual
MSFT,2026-06-17,-3.788437,1.137729,2,0,29.656739,0,0,mundane,casual
MSFT,2026-06-18,0.129317,1.598629,0,1,29.565773,0,0,mundane,casual
MSFT,2026-06-22,-3.178699,1.159843,1,0,31.804665,0,0,mundane,casual
MSFT,2026-06-23,1.796697,1.025554,0,1,30.579401,0,0,mundane,casual
MSFT,2026-06-24,-2.267739,1.097719,1,0,32.153680,0,0,mundane,casual
MSFT,2026-06-25,-3.455925,1.604214,2,0,34.498397,0,1,new_52w_low,despondent
MSFT,2026-06-26,5.708136,4.318509,0,1,30.759477,0,0,big_gain,manic
MSFT,2026-06-29,-1.179717,1.023275,1,0,31.576319,0,0,mundane,casual
MSFT,2026-06-30,1.207364,0.923983,0,1,30.750196,0,0,mundane,casual
MSFT,2026-07-01,3.018610,0.997024,0,2,28.659815,0,0,mundane,casual
MSFT,2026-07-02,1.616002,0.863993,0,3,27.506956,0,0,mundane,casual
MSFT,2026-07-06,-0.960331,0.699668,1,0,28.203130,0,0,mundane,casual
MSFT,2026-07-07,0.543004,0.594492,0,1,27.813269,0,0,mundane,casual
MSFT,2026-07-08,-1.414461,0.528662,1,0,28.834322,0,0,mundane,casual
MSFT,2026-07-09,0.266078,0.638280,0,1,28.644966,0,0,mundane,casual
MSFT,2026-07-10,0.192530,0.508275,0,2,28.507586,0,0,mundane,casual
MSFT,2026-07-13,1.529474,0.601265,0,3,27.414129,0,0,mundane,casual
MSFT,2026-07-14,-1.549912,0.590654,1,0,28.539146,0,0,mundane,casual
MSFT,2026-07-15,2.779728,0.774245,0,1,26.552729,0,0,mundane,casual
MSFT,2026-07-16,1.382604,0.787841,0,2,25.537244,0,0,mundane,casual
MSFT,2026-07-17,-1.815010,0.698713,1,0,26.888751,0,0,mundane,casual
MSFT,2026-07-20,2.150733,0.595803,0,1,25.316323,0,0,mundane,casual
MSFT,2026-07-21,-1.128545,0.533018,1,0,26.159162,0,0,mundane,casual
MSFT,2026-07-22,-1.862975,0.636536,2,0,27.534798,0,0,mundane,casual
MSFT,2026-07-23,-2.244202,0.696355,3,0,29.161064,0,0,mundane,casual
MSFT,2026-07-24,0.031458,0.645060,0,1,29.138779,0,0,mundane,casual
MSFT,2026-07-27,1.938690,0.680203,0,2,27.765000,0,0,mundane,casual
MSFT,2026-07-28,1.092262,0.979779,0,3,26.976004,0,0,mundane,casual
MSFT,2026-07-29,-0.714376,1.471034,1,0,27.497670,0,0,mundane,casual
MSFT,2026-07-30,15.506739,3.420549,0,1,16.254923,0,0,big_gain,manic
MSFT,2026-07-31,3.019282,1.723179,0,2,13.726423,0,0,mundane,casual
MSFT,2026-08-03,4.934151,1.841908,0,3,9.469554,0,0,mundane,casual
MSFT,2026-08-04,1.058141,1.332227,0,4,8.511614,0,0,winning_streak,smug
MSFT,2026-08-05,-1.085615,0.857644,1,0,9.504826,0,0,mundane,casual
MSFT,2026-08-06,2.543794,0.927147,0,1,7.202815,0,0,mundane,casual
MSFT,2026-08-07,0.026008,0.728938,0,2,7.178680,0,0,mundane,casual
MSFT,2026-08-10,1.214030,0.784409,0,3,6.051801,0,0,mundane,casual
MSFT,2026-08-11,-0.444615,0.577725,1,0,6.469508,0,0,mundane,casual
MSFT,2026-08-12,-2.258787,0.731312,2,0,8.582163,0,0,mundane,casual
MSFT,2026-08-13,0.903684,0.586320,0,1,7.756034,0,0,mundane,casual
MSFT,2026-08-14,-0.297862,0.420213,1,0,8.030794,0,0,mundane,casual
MSFT,2026-08-17,-3.037944,0.785009,2,0,10.824767,0,0,mundane,casual
MSFT,2026-08-18,0.266471,0.636595,0,1,10.587141,0,0,mundane,casual
MSFT,2026-08-19,0.556442,0.527587,0,2,10.089610,0,0,mundane,casual
MSFT,2026-08-20,-0.465453,0.534926,1,0,10.508101,0,0,mundane,casual
MSFT,2026-08-21,0.434375,0.609873,0,1,10.119370,0,0,mundane,casual
MSFT,2026-08-24,0.842233,0.470103,0,2,9.362366,0,0,mundane,casual
MSFT,2026-08-25,0.902915,0.540364,0,3,8.543985,0,0,mundane,casual
MSFT,2026-08-26,0.947714,0.585095,0,4,7.677244,0,0,winning_streak,smug
MSFT,2026-08-27,1.750711,0.839909,0,5,6.060940,0,0,mundane,casual
MSFT,2026-08-28,1.677035,0.970877,0,6,4.485549,0,0,winning_streak,smug
MSFT,2026-08-31,-1.215123,0.954648,1,0,5.646167,0,0,mundane,casual
MSFT,2026-09-01,-1.235983,0.793509,2,0,6.812364,0,0,mundane,casual
MSFT,2026-09-02,-0.838286,0.609899,3,0,7.593544,0,0,mundane,casual
GOOGL,2025-08-26,-0.647514,0.919413,1,0,0.647514,0,0,mundane,casual
GOOGL,2025-08-27,0.164127,0.759512,0,1,0.484450,0,0,mundane,casual
GOOGL,2025-08-28,2.005026,1.083698,0,2,0.000000,1,0,new_52w_high,euphoric
GOOGL,2025-08-29,0.600069,1.375060,0,3,0.000000,1,0,new_52w_high,euphoric
GOOGL,2025-09-02,-0.732694,1.631023,1,0,0.732694,0,0,mundane,casual
GOOGL,2025-09-03,9.136494,3.451934,0,1,0.000000,1,0,new_52w_high,euphoric
GOOGL,2025-09-04,0.711008,1.541781,0,2,0.000000,1,0,new_52w_high,euphoric
GOOGL,2025-09-05,1.162291,1.330030,0,3,0.000000,1,0,new_52w_high,euphoric
GOOGL,2025-09-08,-0.319441,0.901028,1,0,0.319441,0,0,mundane,casual
GOOGL,2025-09-09,2.388482,1.065911,0,1,0.000000,1,0,new_52w_high,euphoric
GOOGL,2025-09-10,-0.191971,0.967571,1,0,0.191971,0,0,mundane,casual
GOOGL,2025-09-11,0.501737,0.837051,0,1,0.000000,1,0,new_52w_high,euphoric
GOOGL,2025-09-12,0.178901,0.730090,0,2,0.000000,1,0,new_52w_high,euphoric
GOOGL,2025-09-15,4.489198,1.588850,0,3,0.000000,1,0,new_52w_high,euphoric
GOOGL,2025-09-16,-0.178851,0.899552,1,0,0.178851,0,0,mundane,casual
GOOGL,2025-09-17,-0.648988,0.881396,2,0,0.826678,0,0,mundane,casual
GOOGL,2025-09-18,1.001884,0.797107,0,1,0.000000,1,0,new_52w_high,euphoric
GOOGL,2025-09-19,1.067336,1.413840,0,2,0.000000,1,0,new_52w_high,euphoric
GOOGL,2025-09-22,-0.859764,0.785750,1,0,0.859764,0,0,mundane,casual
GOOGL,2025-09-23,-0.344513,0.656374,2,0,1.201316,0,0,mundane,casual
GOOGL,2025-09-24,-1.796079,0.697988,3,0,2.975818,0,0,mundane,casual
GOOGL,2025-09-25,-0.546256,0.768020,4,0,3.505818,0,0,losing_streak,desperate
GOOGL,2025-09-26,0.305145,0.453621,0,1,3.211372,0,0,mundane,casual
GOOGL,2025-09-29,-1.009972,0.810655,1,0,4.188910,0,0,mundane,casual
GOOGL,2025-09-30,-0.389267,0.873852,2,0,4.561871,0,0,mundane,casual
GOOGL,2025-10-01,0.740427,0.809732,0,1,3.855221,0,0,mundane,casual
GOOGL,2025-10-02,0.322585,0.717572,0,2,3.545073,0,0,mundane,casual
GOOGL,2025-10-03,-0.138375,0.884409,1,0,3.678542,0,0,mundane,casual
GOOGL,2025-10-06,2.070507,0.865468,0,1,1.684200,0,0,mundane,casual
GOOGL,2025-10-07,-1.864796,0.698080,1,0,3.517589,0,0,mundane,casual
GOOGL,2025-10-08,-0.463873,0.656346,2,0,3.965144,0,0,mundane,casual
GOOGL,2025-10-09,-1.263179,0.877896,3,0,5.178236,0,0,mundane,casual
GOOGL,2025-10-10,-2.053570,1.048809,4,0,7.125468,0,0,losing_streak,desperate
GOOGL,2025-10-13,3.204121,0.782154,0,1,4.149656,0,0,mundane,casual
GOOGL,2025-10-14,0.532463,0.730065,0,2,3.639288,0,0,mundane,casual
GOOGL,2025-10-15,2.273371,0.909740,0,3,1.448652,0,0,mundane,casual
GOOGL,2025-10-16,0.171297,0.954485,0,4,1.279836,0,0,winning_streak,smug
GOOGL,2025-10-17,0.731728,1.017191,0,5,0.557473,0,0,mundane,casual
GOOGL,2025-10-20,1.283063,0.801797,0,6,0.000000,1,0,new_52w_high,euphoric
GOOGL,2025-10-21,-2.373807,1.728098,1,0,2.373807,0,0,mundane,casual
GOOGL,2025-10-22,0.491104,1.232894,0,1,1.894362,0,0,mundane,casual
GOOGL,2025-10-23,0.552260,0.692132,0,2,1.352564,0,0,mundane,casual
GOOGL,2025-10-24,2.702709,1.016217,0,3,0.000000,1,0,new_52w_high,euphoric
GOOGL,2025-10-27,3.597255,1.227476,0,4,0.000000,1,0,new_52w_high,euphoric
GOOGL,2025-10-28,-0.668483,1.031091,1,0,0.668483,0,0,mundane,casual
GOOGL,2025-10-29,2.654509,1.524182,0,1,0.000000,1,0,new_52w_high,euphoric
GOOGL,2025-10-30,2.516677,2.565240,0,2,0.000000,1,0,new_52w_high,euphoric
GOOGL,2025-10-31,-0.103036,1.240366,1,0,0.103036,0,0,mundane,casual
GOOGL,2025-11-03,0.899746,0.927646,0,1,0.000000,1,0,new_52w_high,euphoric
GOOGL,2025-11-04,-2.178206,0.935454,1,0,2.178206,0,0,mundane,casual
GOOGL,2025-11-05,2.439286,0.954202,0,1,0.000000,1,0,new_52w_high,euphoric
GOOGL,2025-11-06,0.154763,1.127025,0,2,0.000000,1,0,new_52w_high,euphoric
GOOGL,2025-11-07,-2.079019,1.030845,1,0,2.079019,0,0,mundane,casual
GOOGL,2025-11-10,4.041887,0.881969,0,1,0.000000,1,0,new_52w_high,euphoric
GOOGL,2025-11-11,0.417099,0.588071,0,2,0.000000,1,0,new_52w_high,euphoric
GOOGL,2025-11-12,-1.579069,0.738381,1,0,1.579069,0,0,mundane,casual
GOOGL,2025-11-13,-2.839099,0.879929,2,0,4.373337,0,0,mundane,casual
GOOGL,2025-11-14,-0.775403,0.942065,3,0,5.114829,0,0,mundane,casual
GOOGL,2025-11-17,3.114943,1.563274,0,1,2.159210,0,0,mundane,casual
GOOGL,2025-11-18,-0.259631,1.396228,1,0,2.413235,0,0,mundane,casual
GOOGL,2025-11-19,3.000561,1.931950,0,1,0.000000,1,0,new_52w_high,euphoric
GOOGL,2025-11-20,-1.147497,1.678215,1,0,1.147497,0,0,mundane,casual
GOOGL,2025-11-21,3.527380,1.897793,0,1,0.000000,1,0,new_52w_high,euphoric
GOOGL,2025-11-24,6.313813,2.060146,0,2,0.000000,1,0,new_52w_high,euphoric
GOOGL,2025-11-25,1.525525,2.021909,0,3,0.000000,1,0,new_52w_high,euphoric
GOOGL,2025-11-26,-1.079016,1.098179,1,0,1.079016,0,0,mundane,casual
GOOGL,2025-11-28,0.071878,0.551590,0,1,1.007914,0,0,mundane,casual
GOOGL,2025-12-01,-1.652184,0.920757,1,0,2.643446,0,0,mundane,casual
GOOGL,2025-12-02,0.292159,0.799916,0,1,2.359010,0,0,mundane,casual
GOOGL,2025-12-03,1.209585,0.927134,0,2,1.177959,0,0,mundane,casual
GOOGL,2025-12-04,-0.628861,0.683392,1,0,1.799413,0,0,mundane,casual
GOOGL,2025-12-05,1.149176,0.630969,0,1,0.670915,0,0,mundane,casual
GOOGL,2025-12-08,-2.286173,0.748388,1,0,2.941750,0,0,mundane,casual
GOOGL,2025-12-09,1.071016,0.666808,0,1,1.902241,0,0,mundane,casual
GOOGL,2025-12-10,0.987137,0.737729,0,2,0.933882,0,0,mundane,casual
GOOGL,2025-12-11,-2.429650,0.920881,1,0,3.340841,0,0,mundane,casual
GOOGL,2025-12-12,-1.005028,0.766826,2,0,4.312292,0,0,mundane,casual
GOOGL,2025-12-15,-0.345952,0.617742,3,0,4.643326,0,0,mundane,casual
GOOGL,2025-12-16,-0.535333,0.649828,4,0,5.153801,0,0,losing_streak,desperate
GOOGL,2025-12-17,-3.212977,0.955797,5,0,8.201188,0,0,mundane,casual
GOOGL,2025-12-18,1.934486,0.733425,0,1,6.425353,0,0,mundane,casual
GOOGL,2025-12-19,1.553931,1.363380,0,2,4.971267,0,0,mundane,casual
GOOGL,2025-12-22,0.852980,0.602562,0,3,4.160692,0,0,mundane,casual
GOOGL,2025-12-23,1.475230,0.614283,0,4,2.746842,0,0,winning_streak,smug
GOOGL,2025-12-24,-0.082714,0.262319,1,0,2.827284,0,0,mundane,casual
GOOGL,2025-12-26,-0.184644,0.315309,2,0,3.006707,0,0,mundane,casual
GOOGL,2025-12-29,0.015946,0.602962,0,1,2.991241,0,0,mundane,casual
GOOGL,2025-12-30,0.092483,0.539403,0,2,2.901524,0,0,mundane,casual
GOOGL,2025-12-31,-0.270834,0.527761,1,0,3.164500,0,0,mundane,casual
GOOGL,2026-01-02,0.686895,1.064902,0,1,2.499342,0,0,mundane,casual
GOOGL,2026-01-05,0.441067,1.021257,0,2,2.069299,0,0,mundane,casual
GOOGL,2026-01-06,-0.695016,1.057505,1,0,2.749933,0,0,mundane,casual
GOOGL,2026-01-07,2.430498,1.184644,0,1,0.386272,0,0,mundane,casual
GOOGL,2026-01-08,1.074592,1.074210,0,2,0.000000,1,0,new_52w_high,euphoric
GOOGL,2026-01-09,0.961779,0.880329,0,3,0.000000,1,0,new_52w_high,euphoric
GOOGL,2026-01-12,1.001303,1.153208,0,4,0.000000,1,0,new_52w_high,euphoric
GOOGL,2026-01-13,1.238470,1.155959,0,5,0.000000,1,0,new_52w_high,euphoric
GOOGL,2026-01-14,-0.038691,0.987921,1,0,0.038691,0,0,mundane,casual
GOOGL,2026-01-15,-0.911142,0.986109,2,0,0.949480,0,0,mundane,casual
GOOGL,2026-01-16,-0.835390,1.403874,3,0,1.776939,0,0,mundane,casual
GOOGL,2026-01-20,-2.424240,1.238283,4,0,4.158102,0,0,losing_streak,desperate
GOOGL,2026-01-21,1.981366,1.235194,0,1,2.259123,0,0,mundane,casual
GOOGL,2026-01-22,0.657767,0.957434,0,2,1.616216,0,0,mundane,casual
GOOGL,2026-01-23,-0.789614,0.995185,1,0,2.393069,0,0,mundane,casual
GOOGL,2026-01-26,1.625352,0.946915,0,1,0.806612,0,0,mundane,casual
GOOGL,2026-01-27,0.387078,0.764549,0,2,0.422656,0,0,mundane,casual
GOOGL,2026-01-28,0.436406,0.951389,0,3,0.000000,1,0,new_52w_high,euphoric
GOOGL,2026-01-29,0.666657,1.361273,0,4,0.000000,1,0,new_52w_high,euphoric
GOOGL,2026-01-30,-0.073916,1.022308,1,0,0.073916,0,0,mundane,casual
GOOGL,2026-02-02,1.683427,1.029820,0,1,0.000000,1,0,new_52w_high,euphoric
GOOGL,2026-02-03,-1.158019,1.174636,1,0,1.158019,0,0,mundane,casual
GOOGL,2026-02-04,-1.963427,2.249373,2,0,3.098709,0,0,volume_spike,attention
GOOGL,2026-02-05,-0.537478,2.643661,3,0,3.619532,0,0,volume_spike,attention
GOOGL,2026-02-06,-2.532838,1.565251,4,0,6.060693,0,0,losing_streak,desperate
GOOGL,2026-02-09,0.452217,1.064326,0,1,5.635884,0,0,mundane,casual
GOOGL,2026-02-10,-1.769868,1.033084,1,0,7.306004,0,0,mundane,casual
GOOGL,2026-02-11,-2.391868,1.189337,2,0,9.523123,0,0,mundane,casual
GOOGL,2026-02-12,-0.630288,1.231839,3,0,10.093388,0,0,mundane,casual
GOOGL,2026-02-13,-1.061495,0.968933,4,0,11.047742,0,0,losing_streak,desperate
GOOGL,2026-02-17,-1.210268,0.975411,5,0,12.124303,0,0,mundane,casual
GOOGL,2026-02-18,0.433753,0.708822,0,1,11.743139,0,0,mundane,casual
GOOGL,2026-02-19,-0.158242,0.648481,1,0,11.882798,0,0,mundane,casual
GOOGL,2026-02-20,4.005292,1.351875,0,1,8.353447,0,0,mundane,casual
GOOGL,2026-02-23,-1.108020,0.771901,1,0,9.368909,0,0,mundane,casual
GOOGL,2026-02-24,-0.189402,0.626057,2,0,9.540566,0,0,mundane,casual
GOOGL,2026-02-25,0.643296,0.732706,0,1,8.958645,0,0,mundane,casual
GOOGL,2026-02-26,-1.764149,0.881881,1,0,10.564750,0,0,mundane,casual
GOOGL,2026-02-27,1.424953,1.068963,0,1,9.290340,0,0,mundane,casual
GOOGL,2026-03-02,-1.680789,0.828271,1,0,10.814977,0,0,mundane,casual
GOOGL,2026-03-03,-0.959158,0.841327,2,0,11.670402,0,0,mundane,casual
GOOGL,2026-03-04,-0.148217,0.697163,3,0,11.801322,0,0,mundane,casual
GOOGL,2026-03-05,-0.742254,0.850886,4,0,12.455980,0,0,losing_streak,desperate
GOOGL,2026-03-06,-0.784377,0.635066,5,0,13.142655,0,0,mundane,casual
GOOGL,2026-03-09,2.698526,0.789169,0,1,10.798787,0,0,mundane,casual
GOOGL,2026-03-10,0.221972,0.649343,0,2,10.600786,0,0,mundane,casual
GOOGL,2026-03-11,0.540652,0.689906,0,3,10.117447,0,0,mundane,casual
GOOGL,2026-03-12,-1.668302,0.728529,1,0,11.616959,0,0,mundane,casual
GOOGL,2026-03-13,-0.418377,0.713789,2,0,11.986733,0,0,mundane,casual
GOOGL,2026-03-16,1.085088,0.735220,0,1,11.031712,0,0,mundane,casual
GOOGL,2026-03-17,1.754160,0.702769,0,2,9.471066,0,0,mundane,casual
GOOGL,2026-03-18,-1.038858,0.658729,1,0,10.411533,0,0,mundane,casual
GOOGL,2026-03-19,-0.182000,0.837178,2,0,10.574584,0,0,mundane,casual
GOOGL,2026-03-20,-1.995898,1.483013,3,0,12.359424,0,0,mundane,casual
GOOGL,2026-03-23,0.352166,0.995060,0,1,12.050784,0,0,mundane,casual
GOOGL,2026-03-24,-3.846919,1.255267,1,0,15.434119,0,0,mundane,casual
GOOGL,2026-03-25,0.168702,0.984316,0,1,15.291455,0,0,mundane,casual
GOOGL,2026-03-26,-3.440681,1.306825,1,0,18.206006,0,0,mundane,casual
GOOGL,2026-03-27,-2.342307,1.194861,2,0,20.121872,0,0,mundane,casual
GOOGL,2026-03-30,-0.306193,1.187204,3,0,20.366453,0,0,mundane,casual
GOOGL,2026-03-31,5.140767,1.481401,0,1,16.272678,0,0,big_gain,manic
GOOGL,2026-04-01,3.418426,1.254626,0,2,13.410521,0,0,mundane,casual
GOOGL,2026-04-02,-0.544745,0.711687,1,0,13.882213,0,0,mundane,casual
GOOGL,2026-04-06,1.426780,0.569797,0,1,12.653501,0,0,mundane,casual
GOOGL,2026-04-07,1.823395,0.791777,0,2,11.060830,0,0,mundane,casual
GOOGL,2026-04-08,3.882674,1.156691,0,3,7.607612,0,0,mundane,casual
GOOGL,2026-04-09,0.368706,0.804227,0,4,7.266955,0,0,winning_streak,smug
GOOGL,2026-04-10,-0.392472,0.649269,1,0,7.630906,0,0,mundane,casual
GOOGL,2026-04-13,1.282939,0.645890,0,1,6.445867,0,0,mundane,casual
GOOGL,2026-04-14,3.610221,0.956947,0,2,3.068356,0,0,mundane,casual
GOOGL,2026-04-15,1.264607,0.854008,0,3,1.842552,0,0,mundane,casual
GOOGL,2026-04-16,-0.326300,0.700433,1,0,2.162839,0,0,mundane,casual
GOOGL,2026-04-17,1.684431,0.871513,0,1,0.514839,0,0,mundane,casual
GOOGL,2026-04-20,-1.246778,0.639381,1,0,1.755198,0,0,mundane,casual
GOOGL,2026-04-21,-1.520365,0.822919,2,0,3.248878,0,0,mundane,casual
GOOGL,2026-04-22,2.115626,0.730238,0,1,1.201985,0,0,mundane,casual
GOOGL,2026-04-23,-0.126725,0.691751,1,0,1.327188,0,0,mundane,casual
GOOGL,2026-04-24,1.625888,1.000212,0,1,0.000000,1,0,new_52w_high,euphoric
GOOGL,2026-04-27,1.724741,1.108157,0,2,0.000000,1,0,new_52w_high,euphoric
GOOGL,2026-04-28,-0.159843,1.094485,1,0,0.159843,0,0,mundane,casual
GOOGL,2026-04-29,0.045745,1.411876,0,1,0.114171,0,0,mundane,casual
GOOGL,2026-04-30,9.961702,2.924737,0,2,0.000000,1,0,new_52w_high,euphoric
GOOGL,2026-05-01,0.231296,1.142554,0,3,0.000000,1,0,new_52w_high,euphoric
GOOGL,2026-05-04,-0.632639,0.982355,1,0,0.632639,0,0,mundane,casual
GOOGL,2026-05-05,1.351599,0.876644,0,1,0.000000,1,0,new_52w_high,euphoric
GOOGL,2026-05-06,2.474066,1.147996,0,2,0.000000,1,0,new_52w_high,euphoric
GOOGL,2026-05-07,-0.012566,0.899601,1,0,0.012566,0,0,mundane,casual
GOOGL,2026-05-08,0.706047,0.789179,0,1,0.000000,1,0,new_52w_high,euphoric
GOOGL,2026-05-11,-3.033924,1.126074,1,0,3.033924,0,0,mundane,casual
GOOGL,2026-05-12,-0.331931,0.932363,2,0,3.355785,0,0,mundane,casual
GOOGL,2026-05-13,3.942174,1.011678,0,1,0.000000,1,0,new_52w_high,euphoric
GOOGL,2026-05-14,-0.384978,0.755395,1,0,0.384978,0,0,mundane,casual
GOOGL,2026-05-15,-1.069640,0.725068,2,0,1.450500,0,0,mundane,casual
GOOGL,2026-05-18,0.040327,0.967205,0,1,1.410758,0,0,mundane,casual
GOOGL,2026-05-19,-2.337888,1.404830,1,0,3.715665,0,0,mundane,casual
GOOGL,2026-05-20,0.322451,1.095734,0,1,3.405195,0,0,mundane,casual
GOOGL,2026-05-21,-0.321415,0.841228,1,0,3.715665,0,0,mundane,casual
GOOGL,2026-05-22,-1.209822,0.684745,2,0,4.880534,0,0,mundane,casual
GOOGL,2026-05-26,1.543200,0.938859,0,1,3.412650,0,0,mundane,casual
GOOGL,2026-05-27,-0.012862,0.782278,1,0,3.425073,0,0,mundane,casual
GOOGL,2026-05-28,0.334344,0.831993,0,1,3.102181,0,0,mundane,casual
GOOGL,2026-05-29,-2.509426,1.546234,1,0,5.533759,0,0,mundane,casual
GOOGL,2026-06-01,-1.043801,1.048573,2,0,6.519799,0,0,mundane,casual
GOOGL,2026-06-02,-3.857903,1.848482,3,0,10.126174,0,0,mundane,casual
GOOGL,2026-06-03,-0.790387,1.946825,4,0,10.836525,0,0,losing_streak,desperate
GOOGL,2026-06-04,3.676988,1.465775,0,1,7.557995,0,0,mundane,casual
GOOGL,2026-06-05,-0.983374,1.220820,1,0,8.467046,0,0,mundane,casual
GOOGL,2026-06-08,-1.357552,0.891440,2,0,9.709653,0,0,mundane,casual
GOOGL,2026-06-09,0.261488,0.932607,0,1,9.473555,0,0,mundane,casual
GOOGL,2026-06-10,-2.163291,1.023685,1,0,11.431906,0,0,mundane,casual
GOOGL,2026-06-11,0.390029,1.113163,0,1,11.086465,0,0,mundane,casual
GOOGL,2026-06-12,0.533864,0.764964,0,2,10.611788,0,0,mundane,casual
GOOGL,2026-06-15,2.688505,0.853850,0,3,8.208581,0,0,mundane,casual
GOOGL,2026-06-16,1.055907,0.757393,0,4,7.239349,0,0,winning_streak,smug
GOOGL,2026-06-17,-2.534492,0.749507,1,0,9.590360,0,0,mundane,casual
GOOGL,2026-06-18,1.165505,1.389854,0,1,8.536632,0,0,mundane,casual
GOOGL,2026-06-22,-4.986008,1.618471,1,0,13.097003,0,0,mundane,casual
GOOGL,2026-06-23,-1.015210,0.999326,2,0,13.979251,0,0,mundane,casual
GOOGL,2026-06-24,-0.242682,1.296420,3,0,14.188008,0,0,mundane,casual
GOOGL,2026-06-25,-0.457592,1.250763,4,0,14.580677,0,0,losing_streak,desperate
GOOGL,2026-06-26,-1.838752,3.130494,5,0,16.151326,0,0,volume_spike,attention
GOOGL,2026-06-29,4.819342,0.831261,0,1,12.110372,0,0,mundane,casual
GOOGL,2026-06-30,1.051888,0.866866,0,2,11.185872,0,0,mundane,casual
GOOGL,2026-07-01,1.074516,0.652470,0,3,10.231550,0,0,mundane,casual
GOOGL,2026-07-02,-0.359898,0.652741,1,0,10.554625,0,0,mundane,casual
GOOGL,2026-07-06,1.819896,0.702394,0,1,8.926812,0,0,mundane,casual
GOOGL,2026-07-07,0.155544,0.641848,0,2,8.785153,0,0,mundane,casual
GOOGL,2026-07-08,-1.392253,0.600536,1,0,10.055095,0,0,mundane,casual
GOOGL,2026-07-09,-0.837201,0.677520,2,0,10.808114,0,0,mundane,casual
GOOGL,2026-07-10,-0.476475,0.500456,3,0,11.233091,0,0,mundane,casual
GOOGL,2026-07-13,-1.307459,0.447323,4,0,12.393683,0,0,losing_streak,desperate
GOOGL,2026-07-14,1.985759,0.528236,0,1,10.654032,0,0,mundane,casual
GOOGL,2026-07-15,3.173765,0.825961,0,2,7.818401,0,0,mundane,casual
GOOGL,2026-07-16,-4.437620,1.200925,1,0,11.909070,0,0,mundane,casual
GOOGL,2026-07-17,-2.169498,0.853871,2,0,13.820201,0,0,mundane,casual
GOOGL,2026-07-20,1.505321,0.699619,0,1,12.522919,0,0,mundane,casual
GOOGL,2026-07-21,-1.375038,0.679936,1,0,13.725762,0,0,mundane,casual
GOOGL,2026-07-22,-1.457583,1.195627,2,0,14.983280,0,0,mundane,casual
GOOGL,2026-07-23,-7.132624,2.093185,3,0,21.047203,0,0,big_drop,anxious
GOOGL,2026-07-24,0.645279,0.924994,0,1,20.537737,0,0,mundane,casual
GOOGL,2026-07-27,2.132986,0.843565,0,2,18.842819,0,0,mundane,casual
GOOGL,2026-07-28,2.189488,1.002450,0,3,17.065892,0,0,mundane,casual
GOOGL,2026-07-29,0.898984,0.941685,0,4,16.320327,0,0,winning_streak,smug
GOOGL,2026-07-30,-0.905820,1.046849,1,0,17.078314,0,0,mundane,casual
GOOGL,2026-07-31,6.734401,1.603961,0,1,11.494036,0,0,big_gain,manic
GOOGL,2026-08-03,4.880242,1.288318,0,2,7.174731,0,0,mundane,casual
GOOGL,2026-08-04,1.108400,1.166726,0,3,6.145856,0,0,mundane,casual
GOOGL,2026-08-05,-4.030187,1.504707,1,0,9.928354,0,0,mundane,casual
GOOGL,2026-08-06,-1.291282,0.778215,2,0,11.091432,0,0,mundane,casual
GOOGL,2026-08-07,-0.964364,0.611954,3,0,11.948835,0,0,mundane,casual
GOOGL,2026-08-10,0.908835,0.583651,0,1,11.148595,0,0,mundane,casual
GOOGL,2026-08-11,-3.837548,0.889530,1,0,14.558310,0,0,mundane,casual
GOOGL,2026-08-12,-0.075619,0.752590,2,0,14.622921,0,0,mundane,casual
GOOGL,2026-08-13,0.820858,0.540236,0,1,13.922096,0,0,mundane,casual
GOOGL,2026-08-14,-0.132807,0.558153,1,0,14.036414,0,0,mundane,casual
GOOGL,2026-08-17,-0.549290,0.584410,2,0,14.508603,0,0,mundane,casual
GOOGL,2026-08-18,0.058143,0.621400,0,1,14.458896,0,0,mundane,casual
GOOGL,2026-08-19,0.151072,0.641323,0,2,14.329667,0,0,mundane,casual
GOOGL,2026-08-20,-1.174863,0.623368,1,0,15.336176,0,0,mundane,casual
GOOGL,2026-08-21,1.218186,0.765187,0,1,14.304814,0,0,mundane,casual
GOOGL,2026-08-24,0.939618,0.986445,0,2,13.499606,0,0,mundane,casual
GOOGL,2026-08-25,-0.316039,0.776495,1,0,13.772982,0,0,mundane,casual
GOOGL,2026-08-26,-1.429557,0.780881,2,0,15.005646,0,0,mundane,casual
GOOGL,2026-08-27,-0.394739,0.906774,3,0,15.341152,0,0,mundane,casual
GOOGL,2026-08-28,1.743726,0.995669,0,1,13.864933,0,0,mundane,casual
GOOGL,2026-08-31,-2.088921,1.372693,1,0,15.664227,0,0,mundane,casual
GOOGL,2026-09-01,-1.275974,0.966927,2,0,16.740329,0,0,mundane,casual
GOOGL,2026-09-02,0.626830,0.952301,0,1,16.218432,0,0,mundane,casual
AMZN,2025-08-26,0.337810,0.554557,0,1,5.515158,0,0,mundane,casual
AMZN,2025-08-27,0.179261,0.455189,0,2,5.345783,0,0,mundane,casual
AMZN,2025-08-28,1.082407,0.730468,0,3,4.321239,0,0,mundane,casual
AMZN,2025-08-29,-1.122628,0.615395,1,0,5.395356,0,0,mundane,casual
AMZN,2025-09-02,-1.598255,1.028433,2,0,6.907379,0,0,mundane,casual
AMZN,2025-09-03,0.288457,0.815885,0,1,6.638847,0,0,mundane,casual
AMZN,2025-09-04,4.287795,1.711402,0,2,2.635712,0,0,mundane,casual
AMZN,2025-09-05,-1.421415,1.051236,1,0,4.019663,0,0,mundane,casual
AMZN,2025-09-08,1.510779,0.977234,0,1,2.569612,0,0,mundane,casual
AMZN,2025-09-09,1.017643,0.777129,0,2,1.578118,0,0,mundane,casual
AMZN,2025-09-10,-3.320183,1.762572,1,0,4.845904,0,0,mundane,casual
AMZN,2025-09-11,-0.164983,1.048776,2,0,5.002892,0,0,mundane,casual
AMZN,2025-09-12,-0.782780,1.075580,3,0,5.746511,0,0,mundane,casual
AMZN,2025-09-15,1.437650,0.959718,0,1,4.391475,0,0,mundane,casual
AMZN,2025-09-16,1.132096,1.113221,0,2,3.309095,0,0,mundane,casual
AMZN,2025-09-17,-1.038243,1.224478,1,0,4.312982,0,0,mundane,casual
AMZN,2025-09-18,-0.168379,1.065129,2,0,4.474098,0,0,mundane,casual
AMZN,2025-09-19,0.108117,2.745148,0,1,4.370818,0,0,volume_spike,attention
AMZN,2025-09-22,-1.663207,1.178237,1,0,5.961329,0,0,mundane,casual
AMZN,2025-09-23,-3.040020,1.800975,2,0,8.820124,0,0,mundane,casual
AMZN,2025-09-24,-0.226542,1.184004,3,0,9.026684,0,0,mundane,casual
AMZN,2025-09-25,-0.935477,1.214987,4,0,9.877718,0,0,losing_streak,desperate
AMZN,2025-09-26,0.747195,0.935250,0,1,9.204329,0,0,mundane,casual
AMZN,2025-09-29,1.087451,0.985022,0,2,8.216971,0,0,mundane,casual
AMZN,2025-09-30,-1.170271,1.055879,1,0,9.291081,0,0,mundane,casual
AMZN,2025-10-01,0.482761,0.948632,0,1,8.853174,0,0,mundane,casual
AMZN,2025-10-02,0.806780,0.876941,0,2,8.117820,0,0,mundane,casual
AMZN,2025-10-03,-1.303902,0.945761,1,0,9.315873,0,0,mundane,casual
AMZN,2025-10-06,0.633228,0.939841,0,1,8.741636,0,0,mundane,casual
AMZN,2025-10-07,0.398373,0.664074,0,2,8.378088,0,0,mundane,casual
AMZN,2025-10-08,1.551088,0.989471,0,3,6.956952,0,0,mundane,casual
AMZN,2025-10-09,1.118908,0.998718,0,4,5.915886,0,0,winning_streak,smug
AMZN,2025-10-10,-4.992540,1.542425,1,0,10.613072,0,0,mundane,casual
AMZN,2025-10-13,1.710039,0.777792,0,1,9.084521,0,0,mundane,casual
AMZN,2025-10-14,-1.672199,0.935006,1,0,10.604808,0,0,mundane,casual
AMZN,2025-10-15,-0.378942,0.932874,2,0,10.943564,0,0,mundane,casual
AMZN,2025-10-16,-0.510278,0.859157,3,0,11.397999,0,0,mundane,casual
AMZN,2025-10-17,-0.666764,0.927308,4,0,11.988765,0,0,losing_streak,desperate
AMZN,2025-10-20,1.614722,0.827399,0,1,10.567629,0,0,mundane,casual
AMZN,2025-10-21,2.563749,1.082589,0,2,8.274808,0,0,mundane,casual
AMZN,2025-10-22,-1.837590,0.971265,1,0,9.960341,0,0,mundane,casual
AMZN,2025-10-23,1.440697,0.695336,0,1,8.663142,0,0,mundane,casual
AMZN,2025-10-24,1.411195,0.872760,0,2,7.374201,0,0,mundane,casual
AMZN,2025-10-27,1.230986,0.866224,0,3,6.233990,0,0,mundane,casual
AMZN,2025-10-28,1.004538,1.073451,0,4,5.292076,0,0,winning_streak,smug
AMZN,2025-10-29,0.458017,1.187706,0,5,4.858298,0,0,mundane,casual
AMZN,2025-10-30,-3.230570,2.312500,1,0,7.931917,0,0,volume_spike,attention
AMZN,2025-10-31,9.584492,3.519161,0,1,0.000000,1,0,new_52w_high,euphoric
AMZN,2025-11-03,4.004586,1.797635,0,2,0.000000,1,0,new_52w_high,euphoric
AMZN,2025-11-04,-1.842517,0.920180,1,0,1.842517,0,0,mundane,casual
AMZN,2025-11-05,0.352956,0.712029,0,1,1.496064,0,0,mundane,casual
AMZN,2025-11-06,-2.861712,0.810912,1,0,4.314963,0,0,mundane,casual
AMZN,2025-11-07,0.563698,0.817730,0,1,3.775589,0,0,mundane,casual
AMZN,2025-11-10,1.632499,0.658285,0,2,2.204727,0,0,mundane,casual
AMZN,2025-11-11,0.281808,0.425770,0,3,1.929131,0,0,mundane,casual
AMZN,2025-11-12,-1.967085,0.575043,1,0,3.858269,0,0,mundane,casual
AMZN,2025-11-13,-2.710891,0.773810,2,0,6.464566,0,0,mundane,casual
AMZN,2025-11-14,-1.216432,0.728803,3,0,7.602361,0,0,mundane,casual
AMZN,2025-11-17,-0.775494,1.128386,4,0,8.318900,0,0,losing_streak,desperate
AMZN,2025-11-18,-4.431654,1.119200,5,0,12.381889,0,0,mundane,casual
AMZN,2025-11-19,0.062907,1.067264,0,1,12.326771,0,0,mundane,casual
AMZN,2025-11-20,-2.492255,0.908755,1,0,14.511811,0,0,mundane,casual
AMZN,2025-11-21,1.634891,1.216553,0,1,13.114172,0,0,mundane,casual
AMZN,2025-11-24,2.532963,0.939942,0,2,10.913386,0,0,mundane,casual
AMZN,2025-11-25,1.498143,0.672097,0,3,9.578741,0,0,mundane,casual
AMZN,2025-11-26,-0.222055,0.661412,1,0,9.779526,0,0,mundane,casual
AMZN,2025-11-28,1.771687,0.352733,0,1,8.181102,0,0,mundane,casual
AMZN,2025-12-01,0.282996,0.802984,0,2,7.921258,0,0,mundane,casual
AMZN,2025-12-02,0.230885,0.968822,0,3,7.708662,0,0,mundane,casual
AMZN,2025-12-03,-0.870230,0.793218,1,0,8.511809,0,0,mundane,casual
AMZN,2025-12-04,-1.407180,1.039538,2,0,9.799212,0,0,mundane,casual
AMZN,2025-12-05,0.183317,0.749275,0,1,9.633859,0,0,mundane,casual
AMZN,2025-12-08,-1.150176,0.804024,1,0,10.673229,0,0,mundane,casual
AMZN,2025-12-09,0.453964,0.601149,0,1,10.267717,0,0,mundane,casual
AMZN,2025-12-10,1.693577,0.913680,0,2,8.748032,0,0,mundane,casual
AMZN,2025-12-11,-0.647165,0.653672,1,0,9.338583,0,0,mundane,casual
AMZN,2025-12-12,-1.776097,0.827474,2,0,10.948818,0,0,mundane,casual
AMZN,2025-12-15,-1.613692,1.105290,3,0,12.385830,0,0,mundane,casual
AMZN,2025-12-16,0.008989,0.909737,0,1,12.377954,0,0,mundane,casual
AMZN,2025-12-17,-0.579616,1.044284,1,0,12.885825,0,0,mundane,casual
AMZN,2025-12-18,2.481128,1.216119,0,1,10.724411,0,0,mundane,casual
AMZN,2025-12-19,0.260192,2.089750,0,2,10.492124,0,0,volume_spike,attention
AMZN,2025-12-22,0.475033,0.755587,0,3,10.066932,0,0,mundane,casual
AMZN,2025-12-23,1.624133,0.714928,0,4,8.606300,0,0,winning_streak,smug
AMZN,2025-12-24,0.103388,0.288170,0,5,8.511809,0,0,mundane,casual
AMZN,2025-12-26,0.060246,0.418346,0,6,8.456691,0,0,winning_streak,smug
AMZN,2025-12-29,-0.193530,0.533521,1,0,8.633856,0,0,mundane,casual
AMZN,2025-12-30,0.198213,0.590845,0,1,8.452756,0,0,mundane,casual
AMZN,2025-12-31,-0.735386,0.676693,1,0,9.125981,0,0,mundane,casual
AMZN,2026-01-02,-1.871591,1.471710,2,0,10.826772,0,0,mundane,casual
AMZN,2026-01-05,2.896246,1.390690,0,1,8.244095,0,0,mundane,casual
AMZN,2026-01-06,3.376811,1.494954,0,2,5.145672,0,0,mundane,casual
AMZN,2026-01-07,0.261489,1.141636,0,3,4.897639,0,0,mundane,casual
AMZN,2026-01-08,1.958104,1.057618,0,4,3.035436,0,0,winning_streak,smug
AMZN,2026-01-09,0.442573,0.908500,0,5,2.606297,0,0,mundane,casual
AMZN,2026-01-12,-0.367857,0.948151,1,0,2.964567,0,0,mundane,casual
AMZN,2026-01-13,-1.570169,1.004231,2,0,4.488187,0,0,mundane,casual
AMZN,2026-01-14,-2.452602,1.079898,3,0,6.830711,0,0,mundane,casual
AMZN,2026-01-15,0.646524,1.130098,0,1,6.228349,0,0,mundane,casual
AMZN,2026-01-16,0.394660,1.200064,0,2,5.858270,0,0,mundane,casual
AMZN,2026-01-20,-3.395783,1.245415,1,0,9.055118,0,0,mundane,casual
AMZN,2026-01-21,0.134198,1.237459,0,1,8.933072,0,0,mundane,casual
AMZN,2026-01-22,1.309930,0.879378,0,2,7.740159,0,0,mundane,casual
AMZN,2026-01-23,2.056844,0.931220,0,3,5.842518,0,0,mundane,casual
AMZN,2026-01-26,-0.309419,0.899309,1,0,6.133859,0,0,mundane,casual
AMZN,2026-01-27,2.625617,1.012195,0,1,3.669294,0,0,mundane,casual
AMZN,2026-01-28,-0.682523,1.057145,1,0,4.326774,0,0,mundane,casual
AMZN,2026-01-29,-0.526727,1.188854,2,0,4.830710,0,0,mundane,casual
AMZN,2026-01-30,-1.005251,1.136415,3,0,5.787400,0,0,mundane,casual
AMZN,2026-02-02,1.529463,0.891767,0,1,4.346454,0,0,mundane,casual
AMZN,2026-02-03,-1.786307,1.300037,1,0,6.055120,0,0,mundane,casual
AMZN,2026-02-04,-2.359396,1.232803,2,0,8.271652,0,0,mundane,casual
AMZN,2026-02-05,-4.420792,2.494848,3,0,12.326771,0,0,volume_spike,attention
AMZN,2026-02-06,-5.554805,4.022438,4,0,17.196848,0,0,big_drop,anxious
AMZN,2026-02-09,-0.760748,1.769154,5,0,17.826771,0,0,mundane,casual
AMZN,2026-02-10,-0.843232,1.235544,6,0,18.519682,0,0,losing_streak,desperate
AMZN,2026-02-11,-1.391576,1.171833,7,0,19.653543,0,0,mundane,casual
AMZN,2026-02-12,-2.195216,1.465723,8,0,21.417320,0,0,losing_streak,desperate
AMZN,2026-02-13,-0.405818,1.116129,9,0,21.736223,0,0,mundane,casual
AMZN,2026-02-17,1.187183,1.153370,0,1,20.807089,0,0,mundane,casual
AMZN,2026-02-18,1.809594,0.825476,0,2,19.374019,0,0,mundane,casual
AMZN,2026-02-19,0.034185,0.575782,0,3,19.346456,0,0,mundane,casual
AMZN,2026-02-20,2.562726,1.073524,0,4,17.279527,0,0,winning_streak,smug
AMZN,2026-02-23,-2.303554,0.849585,1,0,19.185038,0,0,mundane,casual
AMZN,2026-02-24,1.602764,0.642187,0,1,17.889765,0,0,mundane,casual
AMZN,2026-02-25,0.997315,0.641292,0,2,17.070867,0,0,mundane,casual
AMZN,2026-02-26,-1.291303,0.738818,1,0,18.141733,0,0,mundane,casual
AMZN,2026-02-27,1.000386,0.883656,0,1,17.322835,0,0,mundane,casual
AMZN,2026-03-02,-0.766667,0.702382,1,0,17.956693,0,0,mundane,casual
AMZN,2026-03-03,0.163154,0.659678,0,1,17.822836,0,0,mundane,casual
AMZN,2026-03-04,3.875826,0.832468,0,2,14.637793,0,0,mundane,casual
AMZN,2026-03-05,0.977767,0.926324,0,3,13.803149,0,0,mundane,casual
AMZN,2026-03-06,-2.617153,0.771851,1,0,16.059052,0,0,mundane,casual
AMZN,2026-03-09,0.131325,0.858424,0,1,15.948817,0,0,mundane,casual
AMZN,2026-03-10,0.393460,0.621295,0,2,15.618109,0,0,mundane,casual
AMZN,2026-03-11,-0.783842,0.625770,1,0,16.279530,0,0,mundane,casual
AMZN,2026-03-12,-1.467197,0.836740,2,0,17.507874,0,0,mundane,casual
AMZN,2026-03-13,-0.887702,0.686563,3,0,18.240158,0,0,mundane,casual
AMZN,2026-03-16,1.959844,0.852243,0,1,16.637793,0,0,mundane,casual
AMZN,2026-03-17,1.634076,0.930636,0,2,15.275592,0,0,mundane,casual
AMZN,2026-03-18,-2.476767,0.803943,1,0,17.374018,0,0,mundane,casual
AMZN,2026-03-19,-0.528899,0.785047,2,0,17.811026,0,0,mundane,casual
AMZN,2026-03-20,-1.623874,1.371047,3,0,19.145671,0,0,mundane,casual
AMZN,2026-03-23,2.322639,0.955334,0,1,17.267717,0,0,mundane,casual
AMZN,2026-03-24,-1.380030,0.770479,1,0,18.409447,0,0,mundane,casual
AMZN,2026-03-25,2.156920,0.798121,0,1,16.649604,0,0,mundane,casual
AMZN,2026-03-26,-1.969682,1.030892,1,0,18.291341,0,0,mundane,casual
AMZN,2026-03-27,-3.951044,1.236565,2,0,21.519687,0,0,mundane,casual
AMZN,2026-03-30,0.807666,1.025424,0,1,20.885828,0,0,mundane,casual
AMZN,2026-03-31,3.642701,1.292367,0,2,18.003935,0,0,mundane,casual
AMZN,2026-04-01,1.104337,0.998880,0,3,17.098422,0,0,mundane,casual
AMZN,2026-04-02,-0.379923,0.690241,1,0,17.413384,0,0,mundane,casual
AMZN,2026-04-06,1.439667,0.575718,0,1,16.224412,0,0,mundane,casual
AMZN,2026-04-07,0.460553,0.657737,0,2,15.838581,0,0,mundane,casual
AMZN,2026-04-08,3.499086,1.231719,0,3,12.893701,0,0,mundane,casual
AMZN,2026-04-09,5.604517,1.561227,0,4,8.011813,0,0,big_gain,manic
AMZN,2026-04-10,2.024400,1.298200,0,5,6.149604,0,0,mundane,casual
AMZN,2026-04-13,0.633440,0.948238,0,6,5.555119,0,0,winning_streak,smug
AMZN,2026-04-14,3.805913,1.622682,0,7,1.960628,0,0,mundane,casual
AMZN,2026-04-15,-0.208820,0.929362,1,0,2.165354,0,0,mundane,casual
AMZN,2026-04-16,0.482896,0.906428,0,1,1.692915,0,0,mundane,casual
AMZN,2026-04-17,0.344414,1.120762,0,2,1.354331,0,0,mundane,casual
AMZN,2026-04-20,-0.909961,0.836037,1,0,2.251969,0,0,mundane,casual
AMZN,2026-04-21,0.656519,0.933278,0,1,1.610235,0,0,mundane,casual
AMZN,2026-04-22,2.180784,0.785334,0,2,0.000000,1,0,new_52w_high,euphoric
AMZN,2026-04-23,-0.109649,0.850572,1,0,0.109649,0,0,mundane,casual
AMZN,2026-04-24,3.493017,1.166688,0,1,0.000000,1,0,new_52w_high,euphoric
AMZN,2026-04-27,-1.087161,0.966868,1,0,1.087161,0,0,mundane,casual
AMZN,2026-04-28,-0.543805,0.919676,2,0,1.625053,0,0,mundane,casual
AMZN,2026-04-29,1.286098,1.584166,0,1,0.359855,0,0,mundane,casual
AMZN,2026-04-30,0.767940,2.177267,0,2,0.000000,1,0,new_52w_high,euphoric
AMZN,2026-05-01,1.207278,1.034549,0,3,0.000000,1,0,new_52w_high,euphoric
AMZN,2026-05-04,1.412800,0.979783,0,4,0.000000,1,0,new_52w_high,euphoric
AMZN,2026-05-05,0.551369,0.817226,0,5,0.000000,1,0,new_52w_high,euphoric
AMZN,2026-05-06,0.526413,0.857279,0,6,0.000000,1,0,new_52w_high,euphoric
AMZN,2026-05-07,-1.389133,0.695032,1,0,1.389133,0,0,mundane,casual
AMZN,2026-05-08,0.556839,0.692735,0,1,0.840029,0,0,mundane,casual
AMZN,2026-05-11,-1.353236,0.778648,1,0,2.181898,0,0,mundane,casual
AMZN,2026-05-12,-1.178476,0.753147,2,0,3.334661,0,0,mundane,casual
AMZN,2026-05-13,1.621397,0.843441,0,1,1.767332,0,0,mundane,casual
AMZN,2026-05-14,-1.077261,0.668683,1,0,2.825553,0,0,mundane,casual
AMZN,2026-05-15,-1.152603,0.879846,2,0,3.945589,0,0,mundane,casual
AMZN,2026-05-18,0.272571,0.736008,0,1,3.683772,0,0,mundane,casual
AMZN,2026-05-19,-2.084116,0.886873,1,0,5.691114,0,0,mundane,casual
AMZN,2026-05-20,2.186325,0.770177,0,1,3.629216,0,0,mundane,casual
AMZN,2026-05-21,1.301830,0.807750,0,2,2.374632,0,0,mundane,casual
AMZN,2026-05-22,-0.797133,0.609519,1,0,3.152836,0,0,mundane,casual
AMZN,2026-05-26,-0.386752,0.866961,2,0,3.527394,0,0,mundane,casual
AMZN,2026-05-27,2.472764,0.920546,0,1,1.141854,0,0,mundane,casual
AMZN,2026-05-28,0.790875,0.935912,0,2,0.360009,0,0,mundane,casual
AMZN,2026-05-29,-1.226272,1.308993,1,0,1.581867,0,0,mundane,casual
AMZN,2026-06-01,-3.465860,1.356576,2,0,4.992902,0,0,mundane,casual
AMZN,2026-06-02,-1.814293,1.054411,3,0,6.716608,0,0,mundane,casual
AMZN,2026-06-03,-2.533910,1.308080,4,0,9.080325,0,0,losing_streak,desperate
AMZN,2026-06-04,1.507875,0.895527,0,1,7.709370,0,0,mundane,casual
AMZN,2026-06-05,-3.057644,1.414346,1,0,10.531289,0,0,mundane,casual
AMZN,2026-06-08,-0.329227,0.841122,2,0,10.825845,0,0,mundane,casual
AMZN,2026-06-09,-0.420031,1.103434,3,0,11.200403,0,0,mundane,casual
AMZN,2026-06-10,-2.534912,0.951119,4,0,13.451395,0,0,losing_streak,desperate
AMZN,2026-06-11,1.474788,1.016506,0,1,12.174987,0,0,mundane,casual
AMZN,2026-06-12,-1.225619,1.256193,1,0,13.251387,0,0,mundane,casual
AMZN,2026-06-15,3.131419,0.999324,0,1,10.534924,0,0,mundane,casual
AMZN,2026-06-16,-0.008131,0.842068,1,0,10.542198,0,0,mundane,casual
AMZN,2026-06-17,-3.455285,1.069731,2,0,13.633220,0,0,mundane,casual
AMZN,2026-06-18,2.901052,1.796999,0,1,11.127675,0,0,mundane,casual
AMZN,2026-06-22,-4.746514,1.550117,1,0,15.346012,0,0,mundane,casual
AMZN,2026-06-23,0.567038,1.323454,0,1,14.865992,0,0,mundane,casual
AMZN,2026-06-24,0.068345,1.484134,0,2,14.807807,0,0,mundane,casual
AMZN,2026-06-25,-3.098992,1.586199,1,0,17.447906,0,0,mundane,casual
AMZN,2026-06-26,2.502096,4.884473,0,1,15.382374,0,0,volume_spike,attention
AMZN,2026-06-29,3.201683,1.267534,0,2,12.673185,0,0,mundane,casual
AMZN,2026-06-30,-0.749564,1.061693,1,0,13.327756,0,0,mundane,casual
AMZN,2026-07-01,1.409751,0.854293,0,1,12.105893,0,0,mundane,casual
AMZN,2026-07-02,0.401324,0.758448,0,2,11.753152,0,0,mundane,casual
AMZN,2026-07-06,0.614005,0.631065,0,3,11.211312,0,0,mundane,casual
AMZN,2026-07-07,0.745410,0.637279,0,4,10.549473,0,0,winning_streak,smug
AMZN,2026-07-08,-0.959428,0.471244,1,0,11.407686,0,0,mundane,casual
AMZN,2026-07-09,1.403825,0.607401,0,1,10.164005,0,0,mundane,casual
AMZN,2026-07-10,-0.688146,0.507309,1,0,10.782208,0,0,mundane,casual
AMZN,2026-07-13,0.802968,0.558205,0,1,10.065818,0,0,mundane,casual
AMZN,2026-07-14,0.072786,0.487864,0,2,10.000359,0,0,mundane,casual
AMZN,2026-07-15,3.018305,0.745803,0,3,7.283895,0,0,mundane,casual
AMZN,2026-07-16,-1.988550,0.745335,1,0,9.127602,0,0,mundane,casual
AMZN,2026-07-17,-1.064470,0.710290,2,0,10.094911,0,0,mundane,casual
AMZN,2026-07-20,1.116373,0.528792,0,1,9.091235,0,0,mundane,casual
AMZN,2026-07-21,-0.976040,0.469056,1,0,9.978540,0,0,mundane,casual
AMZN,2026-07-22,-1.090688,0.597521,2,0,10.960393,0,0,mundane,casual
AMZN,2026-07-23,-4.570146,0.851070,3,0,15.029633,0,0,mundane,casual
AMZN,2026-07-24,-0.663358,0.640986,4,0,15.593291,0,0,losing_streak,desperate
AMZN,2026-07-27,-0.310199,0.666687,5,0,15.855119,0,0,mundane,casual
AMZN,2026-07-28,-0.229050,1.064371,6,0,16.047853,0,0,losing_streak,desperate
AMZN,2026-07-29,-1.823619,1.119066,7,0,17.578820,0,0,mundane,casual
AMZN,2026-07-30,3.904702,2.603892,0,1,14.360519,0,0,volume_spike,attention
AMZN,2026-07-31,15.320589,3.108923,0,2,1.240046,0,0,big_gain,manic
AMZN,2026-08-03,4.580603,1.994010,0,3,0.000000,1,0,new_52w_high,euphoric
AMZN,2026-08-04,-2.323772,1.450341,1,0,2.323772,0,0,mundane,casual
AMZN,2026-08-05,-1.719421,0.910605,2,0,4.003238,0,0,mundane,casual
AMZN,2026-08-06,-0.143035,0.609525,3,0,4.140546,0,0,mundane,casual
AMZN,2026-08-07,0.815397,0.677883,0,1,3.358911,0,0,mundane,casual
AMZN,2026-08-10,1.315209,0.713753,0,2,2.087879,0,0,mundane,casual
AMZN,2026-08-11,-2.092850,0.636427,1,0,4.137033,0,0,mundane,casual
AMZN,2026-08-12,-1.832736,0.596363,2,0,5.893948,0,0,mundane,casual
AMZN,2026-08-13,-0.804398,0.650676,3,0,6.650935,0,0,mundane,casual
AMZN,2026-08-14,-0.935394,0.558636,4,0,7.524117,0,0,losing_streak,desperate
AMZN,2026-08-17,-0.510183,0.915149,5,0,7.995913,0,0,mundane,casual
AMZN,2026-08-18,-0.711793,0.683366,6,0,8.650791,0,0,losing_streak,desperate
AMZN,2026-08-19,2.462896,0.732641,0,1,6.400955,0,0,mundane,casual
AMZN,2026-08-20,-2.155436,0.580301,1,0,8.418423,0,0,mundane,casual
AMZN,2026-08-21,-0.568982,0.745147,2,0,8.939506,0,0,mundane,casual
AMZN,2026-08-24,1.330086,0.585092,0,1,7.728323,0,0,mundane,casual
AMZN,2026-08-25,-0.385397,0.536434,1,0,8.083935,0,0,mundane,casual
AMZN,2026-08-26,-0.298782,0.461180,2,0,8.358563,0,0,mundane,casual
AMZN,2026-08-27,-1.544486,0.789454,3,0,9.773953,0,0,mundane,casual
AMZN,2026-08-28,3.968619,1.173717,0,1,6.193225,0,0,mundane,casual
AMZN,2026-08-31,-2.499720,1.205307,1,0,8.538131,0,0,mundane,casual
AMZN,2026-09-01,-1.867033,0.880517,2,0,10.245755,0,0,mundane,casual
AMZN,2026-09-02,0.023536,0.697529,0,1,10.224630,0,0,mundane,casual
META,2025-08-26,0.106196,0.560506,0,1,4.544303,0,0,mundane,casual
META,2025-08-27,-0.891122,0.626201,1,0,5.394930,0,0,mundane,casual
META,2025-08-28,0.499071,0.605136,0,1,4.922783,0,0,mundane,casual
META,2025-08-29,-1.652220,0.841975,1,0,6.493668,0,0,mundane,casual
META,2025-09-02,-0.485985,0.910066,2,0,6.948095,0,0,mundane,casual
META,2025-09-03,0.263905,0.773610,0,1,6.702526,0,0,mundane,casual
META,2025-09-04,1.573837,1.172594,0,2,5.234176,0,0,mundane,casual
META,2025-09-05,0.507590,0.981989,0,3,4.753154,0,0,mundane,casual
META,2025-09-08,-0.019946,1.325639,1,0,4.772152,0,0,mundane,casual
META,2025-09-09,1.781209,1.082454,0,1,3.075945,0,0,mundane,casual
META,2025-09-10,-1.791823,1.207906,1,0,4.812653,0,0,mundane,casual
META,2025-09-11,-0.143622,0.774797,2,0,4.949362,0,0,mundane,casual
META,2025-09-12,0.624584,0.810127,0,1,4.355691,0,0,mundane,casual
META,2025-09-15,1.205675,1.033893,0,2,3.202531,0,0,mundane,casual
META,2025-09-16,1.870016,1.172808,0,3,1.392403,0,0,mundane,casual
META,2025-09-17,-0.421053,0.958313,1,0,1.807593,0,0,mundane,casual
META,2025-09-18,0.583981,1.133407,0,1,1.234168,0,0,mundane,casual
META,2025-09-19,-0.239675,2.463697,1,0,1.470885,0,0,volume_spike,attention
META,2025-09-22,-1.632058,1.130073,2,0,3.078937,0,0,mundane,casual
META,2025-09-23,-1.275534,1.044024,3,0,4.315198,0,0,mundane,casual
META,2025-09-24,0.696301,0.831696,0,1,3.648944,0,0,mundane,casual
META,2025-09-25,-1.544707,0.992046,1,0,5.137285,0,0,mundane,casual
META,2025-09-26,-0.688992,0.898654,2,0,5.790881,0,0,mundane,casual
META,2025-09-29,-0.047054,0.848236,3,0,5.835211,0,0,mundane,casual
META,2025-09-30,-1.213350,1.487329,4,0,6.977759,0,0,losing_streak,desperate
META,2025-10-01,-2.320324,1.814459,5,0,9.136176,0,0,mundane,casual
META,2025-10-02,1.353612,0.960089,0,1,7.906232,0,0,mundane,casual
META,2025-10-03,-2.268075,1.358800,1,0,9.994988,0,0,mundane,casual
META,2025-10-06,0.717747,1.773058,0,1,9.348980,0,0,mundane,casual
META,2025-10-07,-0.360506,0.954227,1,0,9.675782,0,0,mundane,casual
META,2025-10-08,0.667539,0.850006,0,1,9.072832,0,0,mundane,casual
META,2025-10-09,2.182927,1.008473,0,2,7.087959,0,0,mundane,casual
META,2025-10-10,-3.845894,1.321404,1,0,10.661258,0,0,mundane,casual
META,2025-10-13,1.474545,0.696325,0,1,9.343918,0,0,mundane,casual
META,2025-10-14,-0.985045,0.667785,1,0,10.236921,0,0,mundane,casual
META,2025-10-15,1.255906,0.783701,0,1,9.109581,0,0,mundane,casual
META,2025-10-16,-0.763706,0.687419,1,0,9.803717,0,0,mundane,casual
META,2025-10-17,0.681111,0.939488,0,1,9.189381,0,0,mundane,casual
META,2025-10-20,2.127148,0.715044,0,2,7.257705,0,0,mundane,casual
META,2025-10-21,0.150258,0.621392,0,3,7.118352,0,0,mundane,casual
META,2025-10-22,0.019086,0.719158,0,4,7.100625,0,0,winning_streak,smug
META,2025-10-23,0.080442,0.811810,0,5,7.025895,0,0,mundane,casual
META,2025-10-24,0.593998,0.756055,0,6,6.473631,0,0,winning_streak,smug
META,2025-10-27,1.687531,0.937428,0,7,4.895344,0,0,mundane,casual
META,2025-10-28,0.082571,1.001093,0,8,4.816815,0,0,winning_streak,smug
META,2025-10-29,0.030603,2.238832,0,9,4.787686,0,0,volume_spike,attention
META,2025-10-30,-11.334757,7.190962,1,0,15.579770,0,0,big_drop,anxious
META,2025-10-31,-2.718793,3.526508,2,0,17.874982,0,0,volume_spike,attention
META,2025-11-03,-1.641093,1.814385,3,0,19.222730,0,0,mundane,casual
META,2025-11-04,-1.629266,1.458442,4,0,20.538806,0,0,losing_streak,desperate
META,2025-11-05,1.375692,1.035744,0,1,19.445665,0,0,mundane,casual
META,2025-11-06,-2.674740,1.181820,1,0,21.600283,0,0,mundane,casual
META,2025-11-07,0.447550,1.458035,0,1,21.249406,0,0,mundane,casual
META,2025-11-10,1.616509,0.908319,0,2,19.976396,0,0,mundane,casual
META,2025-11-11,-0.740795,0.613368,1,0,20.569207,0,0,mundane,casual
META,2025-11-12,-2.881611,1.117866,2,0,22.858093,0,0,mundane,casual
META,2025-11-13,0.144502,0.927097,0,1,22.746622,0,0,mundane,casual
META,2025-11-14,-0.070506,0.892475,1,0,22.801090,0,0,mundane,casual
META,2025-11-17,-1.222392,0.697862,2,0,23.744764,0,0,mundane,casual
META,2025-11-18,-0.717593,1.061394,3,0,24.291966,0,0,mundane,casual
META,2025-11-19,-1.233082,0.993036,4,0,25.225508,0,0,losing_streak,desperate
META,2025-11-20,-0.198202,0.801089,5,0,25.373713,0,0,mundane,casual
META,2025-11-21,0.865658,0.801818,0,1,24.727705,0,0,mundane,casual
META,2025-11-24,3.163639,0.877240,0,2,22.346361,0,0,mundane,casual
META,2025-11-25,3.779458,0.918077,0,3,19.411474,0,0,mundane,casual
META,2025-11-26,-0.410223,0.540998,1,0,19.742066,0,0,mundane,casual
META,2025-11-28,2.263221,0.400721,0,1,17.925652,0,0,mundane,casual
META,2025-12-01,-1.092688,0.550644,1,0,18.822469,0,0,mundane,casual
META,2025-12-02,0.972121,0.542274,0,1,18.033325,0,0,mundane,casual
META,2025-12-03,-1.159015,0.545834,1,0,18.983331,0,0,mundane,casual
META,2025-12-04,3.428715,1.525180,0,1,16.205501,0,0,mundane,casual
META,2025-12-05,1.797345,1.056679,0,2,14.699425,0,0,mundane,casual
META,2025-12-08,-0.983044,0.659723,1,0,15.537968,0,0,mundane,casual
META,2025-12-09,-1.475702,0.680121,2,0,16.784375,0,0,mundane,casual
META,2025-12-10,-1.039633,0.899631,3,0,17.649512,0,0,mundane,casual
META,2025-12-11,0.396843,0.687990,0,1,17.322710,0,0,mundane,casual
META,2025-12-12,-1.299218,0.761531,1,0,18.396869,0,0,mundane,casual
META,2025-12-15,0.591127,0.861047,0,1,17.914490,0,0,mundane,casual
META,2025-12-16,1.488775,0.803900,0,2,16.692422,0,0,mundane,casual
META,2025-12-17,-1.164114,0.881770,1,0,17.662217,0,0,mundane,casual
META,2025-12-18,2.301774,1.178274,0,1,15.766987,0,0,mundane,casual
META,2025-12-19,-0.854848,2.944910,1,0,16.487051,0,0,volume_spike,attention
META,2025-12-22,0.414402,0.849237,0,1,16.140971,0,0,mundane,casual
META,2025-12-23,0.520034,0.467085,0,2,15.704876,0,0,mundane,casual
META,2025-12-24,0.392525,0.323117,0,3,15.373997,0,0,mundane,casual
META,2025-12-26,-0.638168,0.434008,1,0,15.914052,0,0,mundane,casual
META,2025-12-29,-0.693502,0.530554,2,0,16.497190,0,0,mundane,casual
META,2025-12-30,1.102187,0.577579,0,1,15.576832,0,0,mundane,casual
META,2025-12-31,-0.879943,0.505282,1,0,16.319708,0,0,mundane,casual
META,2026-01-02,-1.466469,0.883883,2,0,17.546854,0,0,mundane,casual
META,2026-01-05,1.288414,0.779961,0,1,16.484516,0,0,mundane,casual
META,2026-01-06,0.277788,0.749469,0,2,16.252520,0,0,mundane,casual
META,2026-01-07,-1.805879,0.900253,1,0,17.764898,0,0,mundane,casual
META,2026-01-08,-0.405440,0.836380,2,0,18.098312,0,0,mundane,casual
META,2026-01-09,1.083483,0.819350,0,1,17.210921,0,0,mundane,casual
META,2026-01-12,-1.698150,1.061770,1,0,18.616804,0,0,mundane,casual
META,2026-01-13,-1.694778,1.285739,2,0,19.996068,0,0,mundane,casual
META,2026-01-14,-2.467163,1.091665,3,0,21.969896,0,0,mundane,casual
META,2026-01-15,0.857806,0.919363,0,1,21.300549,0,0,mundane,casual
META,2026-01-16,-0.088594,1.201334,1,0,21.370272,0,0,mundane,casual
META,2026-01-20,-2.600561,1.065876,2,0,23.415086,0,0,mundane,casual
META,2026-01-21,1.463289,1.037002,0,1,22.294427,0,0,mundane,casual
META,2026-01-22,5.656152,1.753177,0,2,17.899282,0,0,big_gain,manic
META,2026-01-23,1.718581,1.825254,0,3,16.488315,0,0,mundane,casual
META,2026-01-26,2.064479,1.236390,0,4,14.764234,0,0,winning_streak,smug
META,2026-01-27,0.090721,0.967739,0,5,14.686907,0,0,mundane,casual
META,2026-01-28,-0.630039,1.830011,1,0,15.224412,0,0,mundane,casual
META,2026-01-29,10.404799,4.014540,0,1,6.403683,0,0,big_gain,manic
META,2026-01-30,-2.954046,1.361323,1,0,9.168561,0,0,mundane,casual
META,2026-02-02,-1.408241,0.787889,2,0,10.447687,0,0,mundane,casual
META,2026-02-03,-2.082356,0.753415,3,0,12.312485,0,0,mundane,casual
META,2026-02-04,-3.283214,0.920455,4,0,15.191454,0,0,losing_streak,desperate
META,2026-02-05,0.182366,0.919472,0,1,15.036792,0,0,mundane,casual
META,2026-02-06,-1.305554,0.963538,1,0,16.146033,0,0,mundane,casual
META,2026-02-09,2.382598,0.774466,0,1,14.148130,0,0,mundane,casual
META,2026-02-10,-0.959803,0.541232,1,0,14.972139,0,0,mundane,casual
META,2026-02-11,-0.302657,0.749881,2,0,15.229482,0,0,mundane,casual
META,2026-02-12,-2.823430,0.790866,3,0,17.622918,0,0,mundane,casual
META,2026-02-13,-1.545063,0.653144,4,0,18.895695,0,0,losing_streak,desperate
META,2026-02-17,-0.075043,0.672372,5,0,18.956558,0,0,mundane,casual
META,2026-02-18,0.614750,0.786161,0,1,18.458344,0,0,mundane,casual
META,2026-02-19,0.242534,0.539327,0,2,18.260578,0,0,mundane,casual
META,2026-02-20,1.687392,0.771477,0,3,16.881313,0,0,mundane,casual
META,2026-02-23,-2.807855,0.477461,1,0,19.215165,0,0,mundane,casual
META,2026-02-24,0.321691,0.585375,0,1,18.955287,0,0,mundane,casual
META,2026-02-25,2.250910,0.666311,0,2,17.131044,0,0,mundane,casual
META,2026-02-26,0.507886,0.629197,0,3,16.710164,0,0,mundane,casual
META,2026-02-27,-1.343966,0.972130,1,0,17.829552,0,0,mundane,casual
META,2026-03-02,0.830007,0.703880,0,1,17.147531,0,0,mundane,casual
META,2026-03-03,0.232579,0.925620,0,2,16.954834,0,0,mundane,casual
META,2026-03-04,1.931057,0.822423,0,3,15.351185,0,0,mundane,casual
META,2026-03-05,-1.072285,1.026524,1,0,16.258861,0,0,mundane,casual
META,2026-03-06,-2.378255,1.026506,2,0,18.250439,0,0,mundane,casual
META,2026-03-09,0.392345,1.068831,0,1,17.929698,0,0,mundane,casual
META,2026-03-10,1.031824,0.795907,0,2,17.082877,0,0,mundane,casual
META,2026-03-11,0.120779,0.739558,0,3,16.982731,0,0,mundane,casual
META,2026-03-12,-2.547105,0.962936,1,0,19.097268,0,0,mundane,casual
META,2026-03-13,-3.834345,1.589156,2,0,22.199358,0,0,mundane,casual
META,2026-03-16,2.326384,1.247804,0,1,20.389415,0,0,mundane,casual
META,2026-03-17,-0.763411,0.843481,1,0,20.997171,0,0,mundane,casual
META,2026-03-18,-1.120993,0.964901,2,0,21.882787,0,0,mundane,casual
META,2026-03-19,-1.458549,1.103358,3,0,23.022165,0,0,mundane,casual
META,2026-03-20,-2.149337,1.743598,4,0,24.676678,0,0,losing_streak,desperate
META,2026-03-23,1.751846,1.089395,0,1,23.357129,0,0,mundane,casual
META,2026-03-24,-1.844190,0.840978,1,0,24.770569,0,0,mundane,casual
META,2026-03-25,0.332258,0.983150,0,1,24.520614,0,0,mundane,casual
META,2026-03-26,-7.959464,2.781542,1,0,30.528368,0,0,big_drop,anxious
META,2026-03-27,-3.985099,2.133986,2,0,33.296882,0,0,volume_spike,attention
META,2026-03-30,2.027711,1.535855,0,1,31.944335,0,0,mundane,casual
META,2026-03-31,6.665043,2.123707,0,2,27.408396,0,0,big_gain,manic
META,2026-04-01,1.240980,1.428828,0,3,26.507549,0,0,mundane,casual
META,2026-04-02,-0.823504,0.787672,1,0,27.112762,0,0,mundane,casual
META,2026-04-06,-0.250669,0.554158,2,0,27.295467,0,0,mundane,casual
META,2026-04-07,0.354256,0.563932,0,1,27.037908,0,0,mundane,casual
META,2026-04-08,6.498564,1.907641,0,2,22.296419,0,0,big_gain,manic
META,2026-04-09,2.607696,1.062013,0,3,20.270146,0,0,mundane,casual
META,2026-04-10,0.233920,0.722368,0,4,20.083643,0,0,winning_streak,smug
META,2026-04-13,0.741450,0.515941,0,5,19.491103,0,0,mundane,casual
META,2026-04-14,4.406397,0.988932,0,6,15.943562,0,0,winning_streak,smug
META,2026-04-15,1.372109,0.823764,0,7,14.790216,0,0,mundane,casual
META,2026-04-16,0.787685,0.519254,0,8,14.119032,0,0,winning_streak,smug
META,2026-04-17,1.725591,0.891139,0,9,12.637078,0,0,mundane,casual
META,2026-04-20,-2.561904,0.680291,1,0,14.875232,0,0,mundane,casual
META,2026-04-21,-0.308532,0.481373,2,0,15.137869,0,0,mundane,casual
META,2026-04-22,0.879128,0.519437,0,1,14.391823,0,0,mundane,casual
META,2026-04-23,-2.307618,0.660446,1,0,16.367332,0,0,mundane,casual
META,2026-04-24,2.409163,0.757590,0,1,14.352485,0,0,mundane,casual
META,2026-04-27,0.531827,0.776175,0,2,13.896988,0,0,mundane,casual
META,2026-04-28,-1.072765,0.678555,1,0,14.820671,0,0,mundane,casual
META,2026-04-29,-0.330684,1.261315,2,0,15.102345,0,0,mundane,casual
META,2026-04-30,-8.550038,3.683553,3,0,22.361127,0,0,big_drop,anxious
META,2026-05-01,-0.516411,1.356200,4,0,22.762063,0,0,losing_streak,desperate
META,2026-05-04,0.272687,1.001687,0,1,22.551444,0,0,mundane,casual
META,2026-05-05,-0.892841,1.039991,1,0,23.242937,0,0,mundane,casual
META,2026-05-06,1.309176,1.179092,0,1,22.238052,0,0,mundane,casual
META,2026-05-07,0.641230,0.755775,0,2,21.739419,0,0,mundane,casual
META,2026-05-08,-1.164052,0.850011,1,0,22.650413,0,0,mundane,casual
META,2026-05-11,-1.766643,0.998639,2,0,24.016904,0,0,mundane,casual
META,2026-05-12,0.691314,0.697170,0,1,23.491622,0,0,mundane,casual
META,2026-05-13,2.260363,0.916995,0,2,21.762255,0,0,mundane,casual
META,2026-05-14,0.291910,0.668073,0,3,21.533870,0,0,mundane,casual
META,2026-05-15,-0.679138,0.829616,1,0,22.066764,0,0,mundane,casual
META,2026-05-18,-0.491674,0.869034,2,0,22.449941,0,0,mundane,casual
META,2026-05-19,-1.407046,0.738529,3,0,23.541106,0,0,mundane,casual
META,2026-05-20,0.406569,0.705269,0,1,23.230248,0,0,mundane,casual
META,2026-05-21,0.383426,0.833398,0,2,22.935893,0,0,mundane,casual
META,2026-05-22,0.474175,0.718833,0,3,22.570474,0,0,mundane,casual
META,2026-05-26,0.340837,0.756246,0,4,22.306566,0,0,winning_streak,smug
META,2026-05-27,3.743023,1.433130,0,5,19.398483,0,0,mundane,casual
META,2026-05-28,0.004712,0.999796,0,6,19.394685,0,0,winning_streak,smug
META,2026-05-29,-0.437592,1.188361,1,0,19.747407,0,0,mundane,casual
META,2026-06-01,-5.065540,1.940110,2,0,23.812634,0,0,big_drop,anxious
META,2026-06-02,-0.472958,1.184742,3,0,24.172968,0,0,mundane,casual
META,2026-06-03,4.241757,1.484374,0,1,20.956570,0,0,mundane,casual
META,2026-06-04,0.736782,1.358747,0,2,20.374192,0,0,mundane,casual
META,2026-06-05,-5.508545,1.895126,1,0,24.760415,0,0,big_drop,anxious
META,2026-06-08,-1.283307,1.163695,2,0,25.725970,0,0,mundane,casual
META,2026-06-09,-0.136660,0.994844,3,0,25.827474,0,0,mundane,casual
META,2026-06-10,-2.328130,0.996890,4,0,27.554306,0,0,losing_streak,desperate
META,2026-06-11,-0.446606,1.012937,5,0,27.877853,0,0,mundane,casual
META,2026-06-12,-0.255091,0.816201,6,0,28.061830,0,0,losing_streak,desperate
META,2026-06-15,4.770904,0.995321,0,1,24.629729,0,0,mundane,casual
META,2026-06-16,1.133996,0.631812,0,2,23.775032,0,0,mundane,casual
META,2026-06-17,-5.436431,1.148277,1,0,27.918950,0,0,big_drop,anxious
META,2026-06-18,1.698431,1.577671,0,1,26.694704,0,0,mundane,casual
META,2026-06-22,-2.316274,0.804671,1,0,28.392655,0,0,mundane,casual
META,2026-06-23,-0.292625,0.680989,2,0,28.602196,0,0,mundane,casual
META,2026-06-24,-0.805768,0.723042,3,0,29.177496,0,0,mundane,casual
META,2026-06-25,-2.653897,0.874726,4,0,31.057053,0,0,losing_streak,desperate
META,2026-06-26,1.359442,0.988354,0,1,30.119813,0,0,mundane,casual
META,2026-06-29,2.244430,0.782056,0,2,28.551401,0,0,mundane,casual
META,2026-06-30,0.122645,0.955477,0,3,28.463773,0,0,mundane,casual
META,2026-07-01,8.808961,2.474309,0,4,22.162175,0,0,big_gain,manic
META,2026-07-02,-4.896306,1.098040,1,0,25.973353,0,0,mundane,casual
META,2026-07-06,2.983351,0.897065,0,1,23.764878,0,0,mundane,casual
META,2026-07-07,2.547109,0.951231,0,2,21.823087,0,0,mundane,casual
META,2026-07-08,-2.024111,0.718557,1,0,23.405474,0,0,mundane,casual
META,2026-07-09,4.702213,1.425907,0,1,19.803837,0,0,mundane,casual
META,2026-07-10,5.974860,2.123821,0,2,15.012228,0,0,big_gain,manic
META,2026-07-13,-1.864892,0.977475,1,0,16.597158,0,0,mundane,casual
META,2026-07-14,0.656282,0.820646,0,1,16.049801,0,0,mundane,casual
META,2026-07-15,3.066383,0.925657,0,2,13.475566,0,0,mundane,casual
META,2026-07-16,-2.461438,0.767873,1,0,15.605311,0,0,mundane,casual
META,2026-07-17,-2.788390,1.069506,2,0,17.958564,0,0,mundane,casual
META,2026-07-20,-0.024773,0.489005,3,0,17.978888,0,0,mundane,casual
META,2026-07-21,-0.315859,0.457477,4,0,18.237959,0,0,losing_streak,desperate
META,2026-07-22,-2.584616,0.560309,5,0,20.351194,0,0,mundane,casual
META,2026-07-23,-3.359537,0.792054,6,0,23.027025,0,0,losing_streak,desperate
META,2026-07-24,-1.800029,0.585737,7,0,24.412561,0,0,mundane,casual
META,2026-07-27,-0.221779,0.578087,8,0,24.580198,0,0,losing_streak,desperate
META,2026-07-28,-0.077462,0.632651,9,0,24.638619,0,0,mundane,casual
META,2026-07-29,-1.314435,1.187906,10,0,25.629196,0,0,losing_streak,desperate
META,2026-07-30,-7.954092,2.219514,11,0,31.544718,0,0,big_drop,anxious
META,2026-07-31,3.279964,1.284891,0,1,29.299409,0,0,mundane,casual
META,2026-08-03,6.022878,1.364450,0,2,25.041198,0,0,big_gain,manic
META,2026-08-04,-0.389670,0.924630,1,0,25.333290,0,0,mundane,casual
META,2026-08-05,0.141174,0.768172,0,1,25.227880,0,0,mundane,casual
META,2026-08-06,0.191926,0.607038,0,2,25.084373,0,0,mundane,casual
META,2026-08-07,0.372936,0.601004,0,3,24.804985,0,0,mundane,casual
META,2026-08-10,0.476272,0.867607,0,4,24.446852,0,0,winning_streak,smug
META,2026-08-11,0.705979,0.773003,0,5,23.913463,0,0,mundane,casual
META,2026-08-12,-3.383299,0.961931,1,0,26.487698,0,0,mundane,casual
META,2026-08-13,2.784831,0.669049,0,1,23.981508,0,0,mundane,casual
META,2026-08-14,-0.860547,0.532269,1,0,24.635683,0,0,mundane,casual
META,2026-08-17,-3.539884,1.091707,2,0,26.839506,0,0,mundane,casual
META,2026-08-18,-4.446630,1.679927,3,0,30.092683,0,0,mundane,casual
META,2026-08-19,0.434095,0.996791,0,1,29.789218,0,0,mundane,casual
META,2026-08-20,-0.036630,0.800753,1,0,29.814937,0,0,mundane,casual
META,2026-08-21,0.745655,0.803117,0,1,29.291599,0,0,mundane,casual
META,2026-08-24,1.658483,0.748305,0,2,28.118912,0,0,mundane,casual
META,2026-08-25,1.973090,0.559840,0,3,26.700633,0,0,mundane,casual
META,2026-08-26,1.068332,1.812013,0,4,25.917553,0,0,winning_streak,smug
META,2026-08-27,-0.874794,0.855613,1,0,26.565622,0,0,mundane,casual
META,2026-08-28,1.211704,0.975961,0,1,25.675814,0,0,mundane,casual
META,2026-08-31,-0.982664,0.835100,1,0,26.406171,0,0,mundane,casual
META,2026-09-01,1.083264,1.025848,0,1,25.608956,0,0,mundane,casual
META,2026-09-02,2.473467,1.074263,0,2,23.768917,0,0,mundane,casual
NVDA,2025-08-26,1.090033,1.044602,0,3,0.758900,0,0,mundane,casual
NVDA,2025-08-27,-0.093523,1.451883,1,0,0.851713,0,0,mundane,casual
NVDA,2025-08-28,-0.787454,1.704947,2,0,1.632461,0,0,mundane,casual
NVDA,2025-08-29,-3.324643,1.445540,3,0,4.902830,0,0,mundane,casual
NVDA,2025-09-02,-1.951995,1.358051,4,0,6.759122,0,0,losing_streak,desperate
NVDA,2025-09-03,-0.093681,0.942978,5,0,6.846470,0,0,mundane,casual
NVDA,2025-09-04,0.609535,0.810616,0,1,6.278667,0,0,mundane,casual
NVDA,2025-09-05,-2.703022,1.282578,1,0,8.811975,0,0,mundane,casual
NVDA,2025-09-08,0.772372,0.916855,0,1,8.107664,0,0,mundane,casual
NVDA,2025-09-09,1.455641,0.872172,0,2,6.770042,0,0,mundane,casual
NVDA,2025-09-10,3.847516,1.249182,0,3,3.183004,0,0,mundane,casual
NVDA,2025-09-11,-0.084611,0.814134,1,0,3.264922,0,0,mundane,casual
NVDA,2025-09-12,0.366896,0.678005,0,1,2.910005,0,0,mundane,casual
NVDA,2025-09-15,-0.039377,0.799244,1,0,2.948236,0,0,mundane,casual
NVDA,2025-09-16,-1.614621,0.766864,2,0,4.515254,0,0,mundane,casual
NVDA,2025-09-17,-2.624665,1.151573,3,0,7.021409,0,0,mundane,casual
NVDA,2025-09-18,3.494053,1.034930,0,1,3.772688,0,0,mundane,casual
NVDA,2025-09-19,0.243972,1.288178,0,2,3.537920,0,0,mundane,casual
NVDA,2025-09-22,3.928241,1.426808,0,3,0.000000,1,0,new_52w_high,euphoric
NVDA,2025-09-23,-2.821205,0.993489,1,0,2.821205,0,0,mundane,casual
NVDA,2025-09-24,-0.818251,0.735099,2,0,3.616371,0,0,mundane,casual
NVDA,2025-09-25,0.406859,0.987343,0,1,3.224226,0,0,mundane,casual
NVDA,2025-09-26,0.281387,0.774442,0,2,2.951911,0,0,mundane,casual
NVDA,2025-09-29,2.053985,1.042541,0,3,0.958558,0,0,mundane,casual
NVDA,2025-09-30,2.601042,1.297277,0,4,0.000000,1,0,new_52w_high,euphoric
NVDA,2025-10-01,0.353747,0.950146,0,5,0.000000,1,0,new_52w_high,euphoric
NVDA,2025-10-02,0.881216,0.745790,0,6,0.000000,1,0,new_52w_high,euphoric
NVDA,2025-10-03,-0.672359,0.751098,1,0,0.672359,0,0,mundane,casual
NVDA,2025-10-06,-1.108614,0.881612,2,0,1.773520,0,0,mundane,casual
NVDA,2025-10-07,-0.269490,0.784598,3,0,2.038230,0,0,mundane,casual
NVDA,2025-10-08,2.199526,0.732626,0,1,0.000000,1,0,new_52w_high,euphoric
NVDA,2025-10-09,1.829625,1.058764,0,2,0.000000,1,0,new_52w_high,euphoric
NVDA,2025-10-10,-4.886533,1.540853,1,0,4.886533,0,0,mundane,casual
NVDA,2025-10-13,2.817217,0.845051,0,1,2.206980,0,0,mundane,casual
NVDA,2025-10-14,-4.402094,1.130230,1,0,6.511921,0,0,mundane,casual
NVDA,2025-10-15,-0.111088,1.157992,2,0,6.615775,0,0,mundane,casual
NVDA,2025-10-16,1.101032,0.969789,0,1,5.587585,0,0,mundane,casual
NVDA,2025-10-17,0.775543,0.937285,0,2,4.855377,0,0,mundane,casual
NVDA,2025-10-20,-0.316564,0.708166,1,0,5.156570,0,0,mundane,casual
NVDA,2025-10-21,-0.810331,0.712129,2,0,5.925116,0,0,mundane,casual
NVDA,2025-10-22,-0.485765,0.948567,3,0,6.382099,0,0,mundane,casual
NVDA,2025-10-23,1.042824,0.647534,0,1,5.405829,0,0,mundane,casual
NVDA,2025-10-24,2.250766,0.781667,0,2,3.276735,0,0,mundane,casual
NVDA,2025-10-27,2.807914,0.918294,0,3,0.560829,0,0,mundane,casual
NVDA,2025-10-28,4.981975,1.804601,0,4,0.000000,1,0,new_52w_high,euphoric
NVDA,2025-10-29,2.989606,1.836347,0,5,0.000000,1,0,new_52w_high,euphoric
NVDA,2025-10-30,-2.004444,1.022519,1,0,2.004444,0,0,mundane,casual
NVDA,2025-10-31,-0.197151,1.015670,2,0,2.197643,0,0,mundane,casual
NVDA,2025-11-03,2.168012,1.006301,0,1,0.077277,0,0,mundane,casual
NVDA,2025-11-04,-3.958823,1.047992,1,0,4.033041,0,0,mundane,casual
NVDA,2025-11-05,-1.751467,0.937829,2,0,5.713870,0,0,mundane,casual
NVDA,2025-11-06,-3.652473,1.207076,3,0,9.157645,0,0,mundane,casual
NVDA,2025-11-07,0.037196,1.418547,0,1,9.123855,0,0,mundane,casual
NVDA,2025-11-10,5.793271,1.066023,0,2,3.859153,0,0,big_gain,manic
NVDA,2025-11-11,-2.959060,0.934519,1,0,6.704019,0,0,mundane,casual
NVDA,2025-11-12,0.331326,0.826800,0,1,6.394904,0,0,mundane,casual
NVDA,2025-11-13,-3.581007,1.124759,1,0,9.746910,0,0,mundane,casual
NVDA,2025-11-14,1.771373,1.004259,0,1,8.148191,0,0,mundane,casual
NVDA,2025-11-17,-1.877256,0.931118,1,0,9.872485,0,0,mundane,casual
NVDA,2025-11-18,-2.808144,1.131784,2,0,12.403395,0,0,mundane,casual
NVDA,2025-11-19,2.845161,1.279772,0,1,9.911130,0,0,mundane,casual
NVDA,2025-11-20,-3.152479,1.739745,1,0,12.751163,0,0,mundane,casual
NVDA,2025-11-21,-0.974310,1.659517,2,0,13.601237,0,0,mundane,casual
NVDA,2025-11-24,2.051657,1.167328,0,1,11.828631,0,0,mundane,casual
NVDA,2025-11-25,-2.591067,1.424939,1,0,14.113210,0,0,mundane,casual
NVDA,2025-11-26,1.372155,0.813062,0,1,12.934710,0,0,mundane,casual
NVDA,2025-11-28,-1.808489,0.551829,1,0,14.509276,0,0,mundane,casual
NVDA,2025-12-01,1.649714,0.866973,0,1,13.098923,0,0,mundane,casual
NVDA,2025-12-02,0.855946,0.840021,0,2,12.355097,0,0,mundane,casual
NVDA,2025-12-03,-1.030528,0.759143,1,0,13.258302,0,0,mundane,casual
NVDA,2025-12-04,2.116036,0.773609,0,1,11.422817,0,0,mundane,casual
NVDA,2025-12-05,-0.528952,0.666089,1,0,11.891348,0,0,mundane,casual
NVDA,2025-12-08,1.721402,0.963180,0,1,10.374643,0,0,mundane,casual
NVDA,2025-12-09,-0.312588,0.691900,1,0,10.654801,0,0,mundane,casual
NVDA,2025-12-10,-0.643349,0.788483,2,0,11.229603,0,0,mundane,casual
NVDA,2025-12-11,-1.550775,0.885151,3,0,12.606232,0,0,mundane,casual
NVDA,2025-12-12,-3.266449,0.986221,4,0,15.460905,0,0,losing_streak,desperate
NVDA,2025-12-15,0.725620,0.796127,0,1,14.847472,0,0,mundane,casual
NVDA,2025-12-16,0.811169,0.721719,0,2,14.156741,0,0,mundane,casual
NVDA,2025-12-17,-3.814992,1.088681,1,0,17.431654,0,0,mundane,casual
NVDA,2025-12-18,1.872004,0.858638,0,1,15.885971,0,0,mundane,casual
NVDA,2025-12-19,3.933628,1.612295,0,2,12.577238,0,0,mundane,casual
NVDA,2025-12-22,1.491790,0.643388,0,3,11.273075,0,0,mundane,casual
NVDA,2025-12-23,3.005071,0.921804,0,4,8.606767,0,0,winning_streak,smug
NVDA,2025-12-24,-0.317118,0.353023,1,0,8.896592,0,0,mundane,casual
NVDA,2025-12-26,1.017975,0.808368,0,1,7.969183,0,0,mundane,casual
NVDA,2025-12-29,-1.212410,0.703181,1,0,9.084973,0,0,mundane,casual
NVDA,2025-12-30,-0.361277,0.572626,2,0,9.413429,0,0,mundane,casual
NVDA,2025-12-31,-0.554553,0.723178,3,0,9.915779,0,0,mundane,casual
NVDA,2026-01-02,1.260062,0.909749,0,1,8.780663,0,0,mundane,casual
NVDA,2026-01-05,-0.386550,1.132189,1,0,9.133271,0,0,mundane,casual
NVDA,2026-01-06,-0.467783,1.085647,2,0,9.558330,0,0,mundane,casual
NVDA,2026-01-07,0.998710,0.933084,0,1,8.655080,0,0,mundane,casual
NVDA,2026-01-08,-2.152190,1.064466,1,0,10.620996,0,0,mundane,casual
NVDA,2026-01-09,-0.097275,0.803720,2,0,10.707940,0,0,mundane,casual
NVDA,2026-01-12,0.043280,0.852569,0,1,10.669295,0,0,mundane,casual
NVDA,2026-01-13,0.470424,1.003199,0,2,10.249061,0,0,mundane,casual
NVDA,2026-01-14,-1.436952,1.013818,1,0,11.538739,0,0,mundane,casual
NVDA,2026-01-15,2.134973,1.312037,0,1,9.650115,0,0,mundane,casual
NVDA,2026-01-16,-0.438385,1.174564,1,0,10.046195,0,0,mundane,casual
NVDA,2026-01-20,-4.381668,1.410978,2,0,13.987672,0,0,mundane,casual
NVDA,2026-01-21,2.948280,1.247286,0,1,11.451788,0,0,mundane,casual
NVDA,2026-01-22,0.829139,0.904228,0,2,10.717600,0,0,mundane,casual
NVDA,2026-01-23,1.531055,0.921223,0,3,9.350637,0,0,mundane,casual
NVDA,2026-01-26,-0.639417,0.813829,1,0,9.930265,0,0,mundane,casual
NVDA,2026-01-27,1.099371,0.919388,0,1,8.940064,0,0,mundane,casual
NVDA,2026-01-28,1.591339,0.949153,0,2,7.490992,0,0,mundane,casual
NVDA,2026-01-29,0.516920,1.087542,0,3,7.012794,0,0,mundane,casual
NVDA,2026-01-30,-0.716842,1.110414,1,0,7.679365,0,0,mundane,casual
NVDA,2026-02-02,-2.888094,1.007185,2,0,10.345672,0,0,mundane,casual
NVDA,2026-02-03,-2.839287,1.232828,3,0,12.891216,0,0,mundane,casual
NVDA,2026-02-04,-3.410213,1.243226,4,0,15.861811,0,0,losing_streak,desperate
NVDA,2026-02-05,-1.326140,1.227898,5,0,16.977601,0,0,mundane,casual
NVDA,2026-02-06,7.871771,1.355600,0,1,10.442268,0,0,big_gain,manic
NVDA,2026-02-09,2.497160,1.131237,0,2,8.205868,0,0,mundane,casual
NVDA,2026-02-10,-0.789306,0.773307,1,0,8.930405,0,0,mundane,casual
NVDA,2026-02-11,0.800901,0.815584,0,1,8.201027,0,0,mundane,casual
NVDA,2026-02-12,-1.636414,1.079161,1,0,9.703239,0,0,mundane,casual
NVDA,2026-02-13,-2.209273,0.911955,2,0,11.698141,0,0,mundane,casual
NVDA,2026-02-17,1.181560,0.925697,0,1,10.654801,0,0,mundane,casual
NVDA,2026-02-18,1.627282,0.946737,0,2,9.200903,0,0,mundane,casual
NVDA,2026-02-19,-0.042554,0.739704,1,0,9.239541,0,0,mundane,casual
NVDA,2026-02-20,1.021830,1.065865,0,1,8.312124,0,0,mundane,casual
NVDA,2026-02-23,0.911380,1.013280,0,2,7.476499,0,0,mundane,casual
NVDA,2026-02-24,0.678682,1.025447,0,3,6.848558,0,0,mundane,casual
NVDA,2026-02-25,1.405227,1.446311,0,4,5.539569,0,0,winning_streak,smug
NVDA,2026-02-26,-5.456124,2.019745,1,0,10.693447,0,0,big_drop,anxious
NVDA,2026-02-27,-4.164634,1.646665,2,0,14.412739,0,0,mundane,casual
NVDA,2026-03-02,2.985495,1.065472,0,1,11.857535,0,0,mundane,casual
NVDA,2026-03-03,-1.331657,0.900734,1,0,13.031291,0,0,mundane,casual
NVDA,2026-03-04,1.660651,0.896083,0,1,11.587044,0,0,mundane,casual
NVDA,2026-03-05,0.163891,1.008891,0,2,11.442143,0,0,mundane,casual
NVDA,2026-03-06,-3.010783,0.961375,1,0,14.108428,0,0,mundane,casual
NVDA,2026-03-09,2.716218,0.905298,0,1,11.775425,0,0,mundane,casual
NVDA,2026-03-10,1.160690,0.927859,0,2,10.751412,0,0,mundane,casual
NVDA,2026-03-11,0.687380,0.755954,0,3,10.137935,0,0,mundane,casual
NVDA,2026-03-12,-1.553508,0.808706,1,0,11.533950,0,0,mundane,casual
NVDA,2026-03-13,-1.578032,0.833335,2,0,12.929972,0,0,mundane,casual
NVDA,2026-03-16,1.647717,1.133352,0,1,11.495304,0,0,mundane,casual
NVDA,2026-03-17,-0.704080,0.938246,1,0,12.118448,0,0,mundane,casual
NVDA,2026-03-18,-0.840980,0.801364,2,0,12.857514,0,0,mundane,casual
NVDA,2026-03-19,-1.019957,0.876234,3,0,13.746330,0,0,mundane,casual
NVDA,2026-03-20,-3.281811,1.222894,4,0,16.577012,0,0,losing_streak,desperate
NVDA,2026-03-23,1.702379,0.911979,0,1,15.156837,0,0,mundane,casual
NVDA,2026-03-24,-0.250519,0.734499,1,0,15.369386,0,0,mundane,casual
NVDA,2026-03-25,1.986303,0.814343,0,1,13.688365,0,0,mundane,casual
NVDA,2026-03-26,-4.163858,0.953301,1,0,17.282259,0,0,mundane,casual
NVDA,2026-03-27,-2.172397,1.051863,2,0,19.079217,0,0,mundane,casual
NVDA,2026-03-30,-1.402815,1.026885,3,0,20.214386,0,0,mundane,casual
NVDA,2026-03-31,5.588181,1.259405,0,1,15.755821,0,0,big_gain,manic
NVDA,2026-04-01,0.774086,0.923813,0,2,15.103699,0,0,mundane,casual
NVDA,2026-04-02,0.933136,0.788590,0,3,14.311501,0,0,mundane,casual
NVDA,2026-04-06,0.140933,0.601805,0,4,14.190738,0,0,winning_streak,smug
NVDA,2026-04-07,0.258955,0.758803,0,5,13.968530,0,0,mundane,casual
NVDA,2026-04-08,2.234703,0.856773,0,6,12.045982,0,0,winning_streak,smug
NVDA,2026-04-09,1.005051,0.681427,0,7,11.162000,0,0,mundane,casual
NVDA,2026-04-10,2.566474,0.947126,0,8,8.881996,0,0,winning_streak,smug
NVDA,2026-04-13,0.360489,0.787778,0,9,8.553525,0,0,mundane,casual
NVDA,2026-04-14,3.803287,0.958534,0,10,5.075554,0,0,winning_streak,smug
NVDA,2026-04-15,1.200957,1.119970,0,11,3.935552,0,0,mundane,casual
NVDA,2026-04-16,-0.261477,0.809124,1,0,4.186738,0,0,mundane,casual
NVDA,2026-04-17,1.678844,0.974654,0,1,2.578183,0,0,mundane,casual
NVDA,2026-04-20,0.188419,0.728107,0,2,2.394621,0,0,mundane,casual
NVDA,2026-04-21,-1.078878,0.683785,1,0,3.447664,0,0,mundane,casual
NVDA,2026-04-22,1.310783,0.697516,0,1,2.182073,0,0,mundane,casual
NVDA,2026-04-23,-1.412347,0.746570,1,0,3.563602,0,0,mundane,casual
NVDA,2026-04-24,4.322779,1.430811,0,1,0.000000,1,0,new_52w_high,euphoric
NVDA,2026-04-27,4.004418,1.239072,0,2,0.000000,1,0,new_52w_high,euphoric
NVDA,2026-04-28,-1.588105,1.196996,1,0,1.588105,0,0,mundane,casual
NVDA,2026-04-29,-1.838907,0.822886,2,0,3.397809,0,0,mundane,casual
NVDA,2026-04-30,-4.626046,1.551069,3,0,7.866670,0,0,mundane,casual
NVDA,2026-05-01,-0.561208,0.868821,4,0,8.383729,0,0,losing_streak,desperate
NVDA,2026-05-04,0.015111,0.850841,0,1,8.369885,0,0,mundane,casual
NVDA,2026-05-05,-0.997580,0.765040,1,0,9.283969,0,0,mundane,casual
NVDA,2026-05-06,5.765907,1.278945,0,1,4.053367,0,0,big_gain,manic
NVDA,2026-05-07,1.765866,1.127228,0,2,2.359078,0,0,mundane,casual
NVDA,2026-05-08,1.749410,0.898069,0,3,0.650938,0,0,mundane,casual
NVDA,2026-05-11,1.970259,1.066239,0,4,0.000000,1,0,new_52w_high,euphoric
NVDA,2026-05-12,0.610645,1.046834,0,5,0.000000,1,0,new_52w_high,euphoric
NVDA,2026-05-13,2.287348,0.989843,0,6,0.000000,1,0,new_52w_high,euphoric
NVDA,2026-05-14,4.388259,1.203598,0,7,0.000000,1,0,new_52w_high,euphoric
NVDA,2026-05-15,-4.420123,1.186423,1,0,4.420123,0,0,mundane,casual
NVDA,2026-05-18,-1.331439,0.952516,2,0,5.692710,0,0,mundane,casual
NVDA,2026-05-19,-0.769168,0.909823,3,0,6.418091,0,0,mundane,casual
NVDA,2026-05-20,1.296407,1.176493,0,1,5.204889,0,0,mundane,casual
NVDA,2026-05-21,-1.772053,1.267940,1,0,6.884709,0,0,mundane,casual
NVDA,2026-05-22,-1.904238,1.026570,2,0,8.657846,0,0,mundane,casual
NVDA,2026-05-26,-0.218269,1.150943,3,0,8.857217,0,0,mundane,casual
NVDA,2026-05-27,-1.051848,1.030422,4,0,9.815901,0,0,losing_streak,desperate
NVDA,2026-05-28,0.776101,0.888759,0,1,9.115981,0,0,mundane,casual
NVDA,2026-05-29,-1.451570,1.775161,1,0,10.435226,0,0,mundane,casual
NVDA,2026-06-01,6.261246,1.280366,0,1,4.827355,0,0,big_gain,manic
NVDA,2026-06-02,-0.686397,1.134411,1,0,5.480618,0,0,mundane,casual
NVDA,2026-06-03,-3.621759,0.925540,2,0,8.903882,0,0,mundane,casual
NVDA,2026-06-04,1.939396,0.959116,0,1,7.137167,0,0,mundane,casual
NVDA,2026-06-05,-6.201408,1.253313,1,0,12.895970,0,0,big_drop,anxious
NVDA,2026-06-08,1.725984,0.778130,0,1,11.392568,0,0,mundane,casual
NVDA,2026-06-09,-0.215681,1.017072,1,0,11.583678,0,0,mundane,casual
NVDA,2026-06-10,-3.732170,0.903922,2,0,14.883525,0,0,mundane,casual
NVDA,2026-06-11,2.220336,0.885942,0,1,12.993653,0,0,mundane,casual
NVDA,2026-06-12,0.156200,0.624038,0,2,12.857750,0,0,mundane,casual
NVDA,2026-06-15,3.538182,0.851719,0,3,9.774498,0,0,mundane,casual
NVDA,2026-06-16,-2.372320,0.720359,1,0,11.914936,0,0,mundane,casual
NVDA,2026-06-17,-1.330702,0.740023,2,0,13.087086,0,0,mundane,casual
NVDA,2026-06-18,2.951384,1.396012,0,1,10.521952,0,0,mundane,casual
NVDA,2026-06-22,-0.968251,0.694668,1,0,11.388324,0,0,mundane,casual
NVDA,2026-06-23,-4.126528,0.894417,2,0,15.044910,0,0,mundane,casual
NVDA,2026-06-24,-0.519893,0.888681,3,0,15.486585,0,0,mundane,casual
NVDA,2026-06-25,-1.638188,0.884611,4,0,16.871074,0,0,losing_streak,desperate
NVDA,2026-06-26,-1.639934,1.066304,5,0,18.234333,0,0,mundane,casual
NVDA,2026-06-29,1.267336,0.875915,0,1,17.198087,0,0,mundane,casual
NVDA,2026-06-30,2.626042,1.022010,0,2,15.023674,0,0,mundane,casual
NVDA,2026-07-01,-1.254433,0.910164,1,0,16.089644,0,0,mundane,casual
NVDA,2026-07-02,-1.391841,0.897964,2,0,17.257543,0,0,mundane,casual
NVDA,2026-07-06,0.369553,0.693069,0,1,16.951766,0,0,mundane,casual
NVDA,2026-07-07,0.705697,0.804793,0,2,16.365697,0,0,mundane,casual
NVDA,2026-07-08,3.651045,0.986121,0,3,13.312171,0,0,mundane,casual
NVDA,2026-07-09,-0.656475,0.880565,1,0,13.881255,0,0,mundane,casual
NVDA,2026-07-10,4.033932,1.006244,0,1,10.407283,0,0,mundane,casual
NVDA,2026-07-13,-3.521998,0.826861,1,0,13.562737,0,0,mundane,casual
NVDA,2026-07-14,4.063285,0.857956,0,1,10.050545,0,0,mundane,casual
NVDA,2026-07-15,0.330499,0.857177,0,2,9.753263,0,0,mundane,casual
NVDA,2026-07-16,-2.400003,0.852094,1,0,11.919187,0,0,mundane,casual
NVDA,2026-07-17,-2.213113,1.000578,2,0,13.868515,0,0,mundane,casual
NVDA,2026-07-20,0.231744,0.611758,0,1,13.668910,0,0,mundane,casual
NVDA,2026-07-21,1.972646,0.791212,0,2,11.965903,0,0,mundane,casual
NVDA,2026-07-22,2.301127,1.006931,0,3,9.940127,0,0,mundane,casual
NVDA,2026-07-23,-1.556165,0.813103,1,0,11.341607,0,0,mundane,casual
NVDA,2026-07-24,-0.919716,0.858013,2,0,12.157013,0,0,mundane,casual
NVDA,2026-07-27,-4.994199,1.168419,3,0,16.544066,0,0,mundane,casual
NVDA,2026-07-28,0.254440,1.024869,0,1,16.331721,0,0,mundane,casual
NVDA,2026-07-29,-3.553119,1.134950,1,0,19.304555,0,0,mundane,casual
NVDA,2026-07-30,2.647228,0.998676,0,1,17.168362,0,0,mundane,casual
NVDA,2026-07-31,2.927608,1.090683,0,2,14.743376,0,0,mundane,casual
NVDA,2026-08-03,2.933997,1.001466,0,3,12.241950,0,0,mundane,casual
NVDA,2026-08-04,2.564849,1.044374,0,4,9.991088,0,0,winning_streak,smug
NVDA,2026-08-05,3.434934,1.219380,0,5,6.899342,0,0,mundane,casual
NVDA,2026-08-06,-0.104916,0.874676,1,0,6.997019,0,0,mundane,casual
NVDA,2026-08-07,2.269511,0.816855,0,1,4.886306,0,0,mundane,casual
NVDA,2026-08-10,-2.862120,0.910574,1,0,7.608574,0,0,mundane,casual
NVDA,2026-08-11,-0.022985,0.797768,2,0,7.629810,0,0,mundane,casual
NVDA,2026-08-12,3.029883,0.864802,0,1,4.831101,0,0,mundane,casual
NVDA,2026-08-13,0.539965,0.791004,0,2,4.317223,0,0,mundane,casual
NVDA,2026-08-14,-0.062139,0.611397,1,0,4.376679,0,0,mundane,casual
NVDA,2026-08-17,-0.066623,0.778363,2,0,4.440386,0,0,mundane,casual
NVDA,2026-08-18,-2.342114,0.855109,3,0,6.678501,0,0,mundane,casual
NVDA,2026-08-19,-0.992085,0.804469,4,0,7.604329,0,0,losing_streak,desperate
NVDA,2026-08-20,-0.326343,0.781665,5,0,7.905856,0,0,mundane,casual
NVDA,2026-08-21,-0.982248,0.842304,6,0,8.810449,0,0,losing_streak,desperate
NVDA,2026-08-24,-2.906113,1.159597,7,0,11.460520,0,0,mundane,casual
NVDA,2026-08-25,2.192060,1.057826,0,1,9.519682,0,0,mundane,casual
NVDA,2026-08-26,-1.591175,1.563901,1,0,10.959382,0,0,mundane,casual
NVDA,2026-08-27,8.737953,2.562586,0,1,3.179055,0,0,big_gain,manic
NVDA,2026-08-28,-4.574960,1.559200,1,0,7.608574,0,0,mundane,casual
NVDA,2026-08-31,1.484714,0.975028,0,1,6.236825,0,0,mundane,casual
NVDA,2026-09-01,-1.512817,0.859409,1,0,7.655291,0,0,mundane,casual
NVDA,2026-09-02,3.205483,1.233497,0,1,4.695197,0,0,mundane,casual
AMD,2025-08-26,1.995589,0.751524,0,1,9.651883,0,0,mundane,casual
AMD,2025-08-27,0.306092,0.556218,0,2,9.375335,0,0,mundane,casual
AMD,2025-08-28,0.867586,0.556633,0,3,8.589088,0,0,mundane,casual
AMD,2025-08-29,-3.529480,0.591627,1,0,11.815418,0,0,mundane,casual
AMD,2025-09-02,-0.190616,0.628361,2,0,11.983511,0,0,mundane,casual
AMD,2025-09-03,-0.117054,0.505768,3,0,12.086538,0,0,mundane,casual
AMD,2025-09-04,-0.209716,0.554451,4,0,12.270906,0,0,losing_streak,desperate
AMD,2025-09-05,-6.582604,1.481434,5,0,18.045765,0,0,big_drop,anxious
AMD,2025-09-08,0.178646,0.805332,0,1,17.899357,0,0,mundane,casual
AMD,2025-09-09,2.912623,0.845665,0,2,15.508075,0,0,mundane,casual
AMD,2025-09-10,2.387361,1.065900,0,3,13.490947,0,0,mundane,casual
AMD,2025-09-11,-2.425721,0.991571,1,0,15.589416,0,0,mundane,casual
AMD,2025-09-12,1.862921,0.912978,0,1,14.016913,0,0,mundane,casual
AMD,2025-09-15,1.633346,0.816982,0,2,12.612512,0,0,mundane,casual
AMD,2025-09-16,-0.434349,0.630593,1,0,12.992079,0,0,mundane,casual
AMD,2025-09-17,-0.810173,0.952311,2,0,13.696993,0,0,mundane,casual
AMD,2025-09-18,-0.779094,1.976071,3,0,14.369374,0,0,mundane,casual
AMD,2025-09-19,-0.335612,1.260113,4,0,14.656761,0,0,losing_streak,desperate
AMD,2025-09-22,1.524871,1.036199,0,1,13.355387,0,0,mundane,casual
AMD,2025-09-23,0.694662,0.876508,0,2,12.753500,0,0,mundane,casual
AMD,2025-09-24,-0.012423,0.851505,1,0,12.764339,0,0,mundane,casual
AMD,2025-09-25,0.242416,0.827409,0,1,12.552865,0,0,mundane,casual
AMD,2025-09-26,-1.122340,0.681629,1,0,13.534319,0,0,mundane,casual
AMD,2025-09-29,1.191518,0.901539,0,1,12.504065,0,0,mundane,casual
AMD,2025-09-30,0.266480,0.669822,0,2,12.270906,0,0,mundane,casual
AMD,2025-10-01,1.372150,0.909916,0,3,11.067131,0,0,mundane,casual
AMD,2025-10-02,3.487593,1.252203,0,4,7.965515,0,0,winning_streak,smug
AMD,2025-10-03,-2.981204,0.939047,1,0,10.709251,0,0,mundane,casual
AMD,2025-10-06,23.708028,5.695665,0,1,0.000000,1,0,new_52w_high,euphoric
AMD,2025-10-07,3.828967,2.141764,0,2,0.000000,1,0,new_52w_high,euphoric
AMD,2025-10-08,11.370622,2.773128,0,3,0.000000,1,0,new_52w_high,euphoric
AMD,2025-10-09,-1.133469,1.495099,1,0,1.133469,0,0,mundane,casual
AMD,2025-10-10,-7.724679,1.815982,2,0,8.770591,0,0,big_drop,anxious
AMD,2025-10-13,0.707308,0.912417,0,1,8.125318,0,0,mundane,casual
AMD,2025-10-14,0.771647,1.010502,0,2,7.416370,0,0,mundane,casual
AMD,2025-10-15,9.404379,1.493414,0,3,0.000000,1,0,new_52w_high,euphoric
AMD,2025-10-16,-1.693214,0.917785,1,0,1.693214,0,0,mundane,casual
AMD,2025-10-17,-0.630967,0.741768,2,0,2.313497,0,0,mundane,casual
AMD,2025-10-20,3.209197,0.754051,0,1,0.000000,1,0,new_52w_high,euphoric
AMD,2025-10-21,-1.051712,0.621988,1,0,1.051712,0,0,mundane,casual
AMD,2025-10-22,-3.276899,0.783624,2,0,4.294148,0,0,mundane,casual
AMD,2025-10-23,2.067502,0.505465,0,1,2.315428,0,0,mundane,casual
AMD,2025-10-24,7.630109,0.921174,0,2,0.000000,1,0,new_52w_high,euphoric
AMD,2025-10-27,2.668834,0.826769,0,3,0.000000,1,0,new_52w_high,euphoric
AMD,2025-10-28,-0.639274,0.588328,1,0,0.639274,0,0,mundane,casual
AMD,2025-10-29,2.449508,0.605055,0,1,0.000000,1,0,new_52w_high,euphoric
AMD,2025-10-30,-3.590206,0.550688,1,0,3.590206,0,0,mundane,casual
AMD,2025-10-31,0.502276,0.422713,0,1,3.105963,0,0,mundane,casual
AMD,2025-11-03,1.378260,0.448324,0,2,1.770512,0,0,mundane,casual
AMD,2025-11-04,-3.697281,0.801786,1,0,5.402332,0,0,mundane,casual
AMD,2025-11-05,2.511491,0.998103,0,1,3.026520,0,0,mundane,casual
AMD,2025-11-06,-7.267971,1.050679,1,0,10.074525,0,0,big_drop,anxious
AMD,2025-11-07,-1.750107,0.848838,2,0,11.648317,0,0,mundane,casual
AMD,2025-11-10,4.470328,0.745979,0,1,7.698707,0,0,mundane,casual
AMD,2025-11-11,-2.647755,1.073449,1,0,10.142619,0,0,mundane,casual
AMD,2025-11-12,8.997142,1.923208,0,1,2.058023,0,0,big_gain,manic
AMD,2025-11-13,-4.221873,1.114870,1,0,6.193009,0,0,mundane,casual
AMD,2025-11-14,-0.463788,0.845833,2,0,6.628075,0,0,mundane,casual
AMD,2025-11-17,-2.548517,0.678336,3,0,9.007674,0,0,mundane,casual
AMD,2025-11-18,-4.253289,0.829540,4,0,12.877840,0,0,losing_streak,desperate
AMD,2025-11-19,-2.926740,0.948548,5,0,15.427680,0,0,mundane,casual
AMD,2025-11-20,-7.841646,1.216401,6,0,22.059541,0,0,big_drop,anxious
AMD,2025-11-21,-1.087275,1.205967,7,0,22.906969,0,0,mundane,casual
AMD,2025-11-24,5.530476,0.839066,0,1,18.643357,0,0,big_gain,manic
AMD,2025-11-25,-4.147872,1.273865,1,0,22.017926,0,0,mundane,casual
AMD,2025-11-26,3.934410,0.774212,0,1,18.949792,0,0,mundane,casual
AMD,2025-11-28,1.535658,0.335660,0,2,17.705138,0,0,mundane,casual
AMD,2025-12-01,1.025144,0.567052,0,3,16.861497,0,0,mundane,casual
AMD,2025-12-02,-2.056785,0.776719,1,0,18.571477,0,0,mundane,casual
AMD,2025-12-03,1.096451,0.525120,0,1,17.678653,0,0,mundane,casual
AMD,2025-12-04,-0.744490,0.462184,1,0,18.291527,0,0,mundane,casual
AMD,2025-12-05,0.921384,0.655135,0,1,17.538678,0,0,mundane,casual
AMD,2025-12-08,1.440565,0.629186,0,2,16.350769,0,0,mundane,casual
AMD,2025-12-09,0.230652,0.523000,0,3,16.157831,0,0,mundane,casual
AMD,2025-12-10,-0.090243,0.493114,1,0,16.233493,0,0,mundane,casual
AMD,2025-12-11,0.004514,0.677493,0,1,16.229711,0,0,mundane,casual
AMD,2025-12-12,-4.809644,0.895640,1,0,20.258764,0,0,mundane,casual
AMD,2025-12-15,-1.518169,0.679052,2,0,21.469371,0,0,mundane,casual
AMD,2025-12-16,0.765968,0.600704,0,1,20.867851,0,0,mundane,casual
AMD,2025-12-17,-5.287564,0.824017,1,0,25.052014,0,0,big_drop,anxious
AMD,2025-12-18,1.489070,0.789548,0,1,23.935986,0,0,mundane,casual
AMD,2025-12-19,6.152390,1.600228,0,2,19.256231,0,0,big_gain,manic
AMD,2025-12-22,0.712179,0.690612,0,3,18.681191,0,0,mundane,casual
AMD,2025-12-23,-0.023263,0.596159,1,0,18.700108,0,0,mundane,casual
AMD,2025-12-24,0.065146,0.243469,0,1,18.647144,0,0,mundane,casual
AMD,2025-12-26,-0.023246,0.533711,1,0,18.666055,0,0,mundane,casual
AMD,2025-12-29,0.288384,0.720396,0,1,18.431502,0,0,mundane,casual
AMD,2025-12-30,-0.125228,0.579850,1,0,18.533649,0,0,mundane,casual
AMD,2025-12-31,-0.547967,0.637798,2,0,18.980057,0,0,mundane,casual
AMD,2026-01-02,4.347216,1.382569,0,1,15.457946,0,0,mundane,casual
AMD,2026-01-05,-1.069494,1.193780,1,0,16.362118,0,0,mundane,casual
AMD,2026-01-06,-3.044145,1.475638,2,0,18.908177,0,0,mundane,casual
AMD,2026-01-07,-2.020062,1.081884,3,0,20.546281,0,0,mundane,casual
AMD,2026-01-08,-2.542620,1.003647,4,0,22.566488,0,0,losing_streak,desperate
AMD,2026-01-09,-0.737735,0.879925,5,0,23.137741,0,0,mundane,casual
AMD,2026-01-12,2.224740,0.989785,0,1,21.427756,0,0,mundane,casual
AMD,2026-01-13,6.394145,2.076567,0,2,16.403733,0,0,big_gain,manic
AMD,2026-01-14,1.190209,1.425399,0,3,15.408763,0,0,mundane,casual
AMD,2026-01-15,1.932018,1.902470,0,4,13.774445,0,0,winning_streak,smug
AMD,2026-01-16,1.715516,1.388476,0,5,12.295232,0,0,mundane,casual
AMD,2026-01-20,0.038820,1.421240,0,6,12.261185,0,0,winning_streak,smug
AMD,2026-01-21,7.709557,1.954447,0,7,5.496911,0,0,big_gain,manic
AMD,2026-01-22,1.573256,1.181468,0,8,4.010136,0,0,winning_streak,smug
AMD,2026-01-23,2.345011,1.450440,0,9,1.759162,0,0,mundane,casual
AMD,2026-01-26,-3.223196,0.898717,1,0,4.925657,0,0,mundane,casual
AMD,2026-01-27,0.286499,0.728529,0,1,4.653270,0,0,mundane,casual
AMD,2026-01-28,0.281715,0.756746,0,2,4.384664,0,0,mundane,casual
AMD,2026-01-29,-0.221576,0.877787,1,0,4.596525,0,0,mundane,casual
AMD,2026-01-30,-6.126575,1.086142,2,0,10.441491,0,0,big_drop,anxious
AMD,2026-02-02,4.029911,0.955913,0,1,6.832363,0,0,mundane,casual
AMD,2026-02-03,-1.689204,1.398184,1,0,8.406154,0,0,mundane,casual
AMD,2026-02-04,-17.314443,2.745671,2,0,24.265119,0,0,big_drop,anxious
AMD,2026-02-05,-3.841352,1.467223,3,0,27.174362,0,0,mundane,casual
AMD,2026-02-06,8.280521,1.238328,0,1,21.144020,0,0,big_gain,manic
AMD,2026-02-09,3.626942,0.855531,0,2,18.283959,0,0,mundane,casual
AMD,2026-02-10,-1.124997,0.549455,1,0,19.203262,0,0,mundane,casual
AMD,2026-02-11,0.004680,0.725814,0,1,19.199481,0,0,mundane,casual
AMD,2026-02-12,-3.577114,0.717994,1,0,22.089807,0,0,mundane,casual
AMD,2026-02-13,0.670101,0.588291,0,1,21.567731,0,0,mundane,casual
AMD,2026-02-17,-2.045150,0.784931,1,0,23.171788,0,0,mundane,casual
AMD,2026-02-18,-1.457557,0.839008,2,0,24.291603,0,0,mundane,casual
AMD,2026-02-19,1.624026,0.614207,0,1,23.062080,0,0,mundane,casual
AMD,2026-02-20,-1.583322,0.902358,1,0,24.280254,0,0,mundane,casual
AMD,2026-02-23,-1.773664,0.701790,2,0,25.623268,0,0,mundane,casual
AMD,2026-02-24,8.769069,2.075751,0,1,19.101121,0,0,big_gain,manic
AMD,2026-02-25,-1.393563,1.068400,1,0,20.228498,0,0,mundane,casual
AMD,2026-02-26,-3.405107,0.820568,2,0,22.944803,0,0,mundane,casual
AMD,2026-02-27,-1.703646,0.726905,3,0,24.257550,0,0,mundane,casual
AMD,2026-03-02,-0.794172,0.792430,4,0,24.859076,0,0,losing_streak,desperate
AMD,2026-03-03,-3.861644,0.883630,5,0,27.760751,0,0,mundane,casual
AMD,2026-03-04,5.823519,0.955103,0,1,23.553885,0,0,big_gain,manic
AMD,2026-03-05,-1.296585,0.852560,1,0,24.545074,0,0,mundane,casual
AMD,2026-03-06,-3.519681,0.877052,2,0,27.200846,0,0,mundane,casual
AMD,2026-03-09,5.326612,1.043576,0,1,23.323118,0,0,big_gain,manic
AMD,2026-03-10,0.271365,0.798937,0,2,23.115043,0,0,mundane,casual
AMD,2026-03-11,0.787288,0.641209,0,3,22.509737,0,0,mundane,casual
AMD,2026-03-12,-3.461406,0.805179,1,0,25.191989,0,0,mundane,casual
AMD,2026-03-13,-2.199861,0.773093,2,0,26.837662,0,0,mundane,casual
AMD,2026-03-16,1.649518,0.855019,0,1,25.630836,0,0,mundane,casual
AMD,2026-03-17,-0.137351,0.639366,1,0,25.732982,0,0,mundane,casual
AMD,2026-03-18,1.604610,0.814353,0,1,24.541287,0,0,mundane,casual
AMD,2026-03-19,2.912863,0.928531,0,2,22.343278,0,0,mundane,casual
AMD,2026-03-20,-1.919424,1.063279,1,0,23.833840,0,0,mundane,casual
AMD,2026-03-23,0.670536,0.907766,0,1,23.323118,0,0,mundane,casual
AMD,2026-03-24,1.327216,0.772680,0,2,22.305450,0,0,mundane,casual
AMD,2026-03-25,7.255202,1.489533,0,3,16.668553,0,0,big_gain,manic
AMD,2026-03-26,-7.490807,1.501800,1,0,22.910750,0,0,big_drop,anxious
AMD,2026-03-27,-0.873533,0.872387,2,0,23.584151,0,0,mundane,casual
AMD,2026-03-30,-2.945696,1.230110,3,0,25.835129,0,0,mundane,casual
AMD,2026-03-31,3.769639,1.254991,0,1,23.039381,0,0,mundane,casual
AMD,2026-04-01,3.332849,1.202929,0,2,20.474400,0,0,mundane,casual
AMD,2026-04-02,3.467957,1.133174,0,3,17.716487,0,0,mundane,casual
AMD,2026-04-06,1.232181,0.903721,0,4,16.702605,0,0,winning_streak,smug
AMD,2026-04-07,0.613137,0.780981,0,5,16.191878,0,0,mundane,casual
AMD,2026-04-08,4.644973,1.066272,0,6,12.299013,0,0,winning_streak,smug
AMD,2026-04-09,2.079196,0.807134,0,7,10.475538,0,0,mundane,casual
AMD,2026-04-10,3.549693,1.078870,0,8,7.297694,0,0,winning_streak,smug
AMD,2026-04-13,0.730497,0.666328,0,9,6.620507,0,0,mundane,casual
AMD,2026-04-14,3.338332,0.757950,0,10,3.503189,0,0,winning_streak,smug
AMD,2026-04-15,1.195745,0.732285,0,11,2.349333,0,0,mundane,casual
AMD,2026-04-16,7.802578,1.917571,0,12,0.000000,1,0,new_52w_high,euphoric
AMD,2026-04-17,0.046721,0.996817,0,13,0.000000,1,0,new_52w_high,euphoric
AMD,2026-04-20,-1.235678,0.973094,1,0,1.235678,0,0,mundane,casual
AMD,2026-04-21,3.469714,1.091811,0,1,0.000000,1,0,new_52w_high,euphoric
AMD,2026-04-22,6.668073,1.361477,0,2,0.000000,1,0,new_52w_high,euphoric
AMD,2026-04-23,0.616225,1.228982,0,3,0.000000,1,0,new_52w_high,euphoric
AMD,2026-04-24,13.912820,2.207349,0,4,0.000000,1,0,new_52w_high,euphoric
AMD,2026-04-27,-3.789423,1.310664,1,0,3.789423,0,0,mundane,casual
AMD,2026-04-28,-3.412729,1.084167,2,0,7.072829,0,0,mundane,casual
AMD,2026-04-29,4.300608,1.124312,0,1,3.076396,0,0,mundane,casual
AMD,2026-04-30,5.155589,1.056028,0,2,0.000000,1,0,new_52w_high,euphoric
AMD,2026-05-01,1.706683,0.858164,0,3,0.000000,1,0,new_52w_high,euphoric
AMD,2026-05-04,-5.269873,1.056991,1,0,5.269873,0,0,big_drop,anxious
AMD,2026-05-05,4.017099,1.594069,0,1,1.464470,0,0,mundane,casual
AMD,2026-05-06,18.614537,2.079755,0,2,0.000000,1,0,new_52w_high,euphoric
AMD,2026-05-07,-3.068422,1.002005,1,0,3.068422,0,0,mundane,casual
AMD,2026-05-08,11.440536,1.272553,0,1,0.000000,1,0,new_52w_high,euphoric
AMD,2026-05-11,0.790880,0.985435,0,2,0.000000,1,0,new_52w_high,euphoric
AMD,2026-05-12,-2.288629,0.816580,1,0,2.288629,0,0,mundane,casual
AMD,2026-05-13,-0.622367,0.625969,2,0,2.896752,0,0,mundane,casual
AMD,2026-05-14,0.942764,0.534146,0,1,1.981298,0,0,mundane,casual
AMD,2026-05-15,-5.692685,0.620460,1,0,7.561194,0,0,big_drop,anxious
AMD,2026-05-18,-0.733321,0.609710,2,0,8.239068,0,0,mundane,casual
AMD,2026-05-19,-1.648496,0.836863,3,0,9.751743,0,0,mundane,casual
AMD,2026-05-20,8.098056,0.780467,0,1,2.443388,0,0,big_gain,manic
AMD,2026-05-21,0.449084,0.596891,0,2,2.005278,0,0,mundane,casual
AMD,2026-05-22,3.985857,0.776933,0,3,0.000000,1,0,new_52w_high,euphoric
AMD,2026-05-26,7.781653,0.907502,0,4,0.000000,1,0,new_52w_high,euphoric
AMD,2026-05-27,-1.657109,0.660194,1,0,1.657109,0,0,mundane,casual
AMD,2026-05-28,4.550595,0.766436,0,1,0.000000,1,0,new_52w_high,euphoric
AMD,2026-05-29,-0.384113,0.763291,1,0,0.384113,0,0,mundane,casual
AMD,2026-06-01,-1.156747,0.837122,2,0,1.536417,0,0,mundane,casual
AMD,2026-06-02,2.236679,0.611278,0,1,0.000000,1,0,new_52w_high,euphoric
AMD,2026-06-03,4.022710,0.756920,0,2,0.000000,1,0,new_52w_high,euphoric
AMD,2026-06-04,-3.561160,0.784317,1,0,3.561160,0,0,mundane,casual
AMD,2026-06-05,-10.860093,1.372005,2,0,14.034508,0,0,big_drop,anxious
AMD,2026-06-08,5.135293,0.733819,0,1,9.619928,0,0,big_gain,manic
AMD,2026-06-09,-3.022450,1.158226,1,0,12.351620,0,0,mundane,casual
AMD,2026-06-10,-4.860048,0.862072,2,0,16.611373,0,0,mundane,casual
AMD,2026-06-11,7.968616,0.962392,0,1,9.966454,0,0,big_gain,manic
AMD,2026-06-12,4.733339,0.996765,0,2,5.704861,0,0,mundane,casual
AMD,2026-06-15,6.976563,1.048701,0,3,0.000000,1,0,new_52w_high,euphoric
AMD,2026-06-16,-7.303658,0.883860,1,0,7.303658,0,0,big_drop,anxious
AMD,2026-06-17,1.023078,0.842624,0,1,6.355303,0,0,mundane,casual
AMD,2026-06-18,4.856778,1.387991,0,2,1.807188,0,0,mundane,casual
AMD,2026-06-22,2.653667,0.813403,0,3,0.000000,1,0,new_52w_high,euphoric
AMD,2026-06-23,-5.761113,0.947190,1,0,5.761113,0,0,big_drop,anxious
AMD,2026-06-24,-0.021157,0.838748,2,0,5.781052,0,0,mundane,casual
AMD,2026-06-25,2.468545,0.870404,0,1,3.455214,0,0,mundane,casual
AMD,2026-06-26,-2.063577,1.698623,1,0,5.447490,0,0,mundane,casual
AMD,2026-06-29,3.433792,0.831093,0,1,2.200753,0,0,mundane,casual
AMD,2026-06-30,7.677618,1.081658,0,2,0.000000,1,0,new_52w_high,euphoric
AMD,2026-07-01,-6.890907,0.886769,1,0,6.890907,0,0,big_drop,anxious
AMD,2026-07-02,-4.263422,0.875473,2,0,10.860541,0,0,mundane,casual
AMD,2026-07-06,6.610401,0.956428,0,1,4.968065,0,0,big_gain,manic
AMD,2026-07-07,-6.510281,0.906906,1,0,11.154911,0,0,big_drop,anxious
AMD,2026-07-08,0.251882,0.760006,0,1,10.931126,0,0,mundane,casual
AMD,2026-07-09,5.664753,0.862079,0,2,5.885594,0,0,big_gain,manic
AMD,2026-07-10,2.043102,0.675302,0,3,3.962741,0,0,mundane,casual
AMD,2026-07-13,-4.212300,0.757521,1,0,8.008118,0,0,mundane,casual
AMD,2026-07-14,2.571154,0.708350,0,1,5.642865,0,0,mundane,casual
AMD,2026-07-15,-3.464505,0.946048,1,0,8.911873,0,0,mundane,casual
AMD,2026-07-16,-5.329405,0.930087,2,0,13.766328,0,0,big_drop,anxious
AMD,2026-07-17,-1.034054,1.104991,3,0,14.658031,0,0,mundane,casual
AMD,2026-07-20,1.575358,0.799589,0,1,13.313589,0,0,mundane,casual
AMD,2026-07-21,8.114063,1.026413,0,2,6.279799,0,0,big_gain,manic
AMD,2026-07-22,1.451063,0.870862,0,3,4.919860,0,0,mundane,casual
AMD,2026-07-23,-2.288490,0.963638,1,0,7.095759,0,0,mundane,casual
AMD,2026-07-24,-3.287070,0.964218,2,0,10.149587,0,0,mundane,casual
AMD,2026-07-27,-5.172909,1.126928,3,0,14.797467,0,0,big_drop,anxious
AMD,2026-07-28,-8.148301,1.336439,4,0,21.740026,0,0,big_drop,anxious
AMD,2026-07-29,-5.512295,1.168116,5,0,26.053947,0,0,big_drop,anxious
AMD,2026-07-30,12.997024,1.340887,0,1,16.443160,0,0,big_gain,manic
AMD,2026-07-31,-1.903628,0.951346,1,0,18.033772,0,0,mundane,casual
AMD,2026-08-03,1.783056,0.875334,0,1,16.572268,0,0,mundane,casual
AMD,2026-08-04,7.003137,1.756727,0,2,10.729710,0,0,big_gain,manic
AMD,2026-08-05,-7.044242,1.737718,1,0,17.018125,0,0,big_drop,anxious
AMD,2026-08-06,1.499847,0.826792,0,1,15.773524,0,0,mundane,casual
AMD,2026-08-07,-1.209944,0.895250,1,0,16.792617,0,0,mundane,casual
AMD,2026-08-10,-2.855012,0.654585,2,0,19.168198,0,0,mundane,casual
AMD,2026-08-11,1.013717,0.604489,0,1,18.348793,0,0,mundane,casual
AMD,2026-08-12,1.815227,0.627076,0,2,16.866638,0,0,mundane,casual
AMD,2026-08-13,0.016569,0.641607,0,3,16.852863,0,0,mundane,casual
AMD,2026-08-14,6.496761,0.886926,0,4,11.450993,0,0,big_gain,manic
AMD,2026-08-17,-1.631061,0.703702,1,0,12.895281,0,0,mundane,casual
AMD,2026-08-18,-4.270748,0.837215,2,0,16.615304,0,0,mundane,casual
AMD,2026-08-19,-3.709821,0.684361,3,0,19.708727,0,0,mundane,casual
AMD,2026-08-20,0.651768,0.546215,0,1,19.185414,0,0,mundane,casual
AMD,2026-08-21,0.807312,0.527535,0,2,18.532988,0,0,mundane,casual
AMD,2026-08-24,-3.486529,0.625375,1,0,21.373359,0,0,mundane,casual
AMD,2026-08-25,4.910781,0.736840,0,1,17.512177,0,0,mundane,casual
AMD,2026-08-26,0.365207,0.575721,0,2,17.210925,0,0,mundane,casual
AMD,2026-08-27,-0.885780,0.684387,1,0,17.944254,0,0,mundane,casual
AMD,2026-08-28,-2.326563,0.668448,2,0,19.853332,0,0,mundane,casual
AMD,2026-08-31,1.104002,0.555459,0,1,18.968511,0,0,mundane,casual
AMD,2026-09-01,-2.360218,0.742367,1,0,20.881030,0,0,mundane,casual
AMD,2026-09-02,-0.554815,0.585998,2,0,21.319995,0,0,mundane,casual
TSLA,2025-08-26,1.462783,0.977364,0,3,26.714037,0,0,mundane,casual
TSLA,2025-08-27,-0.588622,0.841157,1,0,27.145414,0,0,mundane,casual
TSLA,2025-08-28,-1.035468,0.882193,2,0,27.899800,0,0,mundane,casual
TSLA,2025-08-29,-3.500207,1.066269,3,0,30.423456,0,0,mundane,casual
TSLA,2025-09-02,-1.350828,0.771323,4,0,31.363315,0,0,losing_streak,desperate
TSLA,2025-09-03,1.436122,1.188035,0,1,30.377609,0,0,mundane,casual
TSLA,2025-09-04,1.328984,0.796443,0,2,29.452338,0,0,mundane,casual
TSLA,2025-09-05,3.636309,1.446695,0,3,26.887007,0,0,mundane,casual
TSLA,2025-09-08,-1.265535,0.971011,1,0,27.812278,0,0,mundane,casual
TSLA,2025-09-09,0.164552,0.702063,0,1,27.693491,0,0,mundane,casual
TSLA,2025-09-10,0.236334,0.973581,0,2,27.522607,0,0,mundane,casual
TSLA,2025-09-11,6.043874,1.408603,0,3,23.142164,0,0,big_gain,manic
TSLA,2025-09-12,7.356092,2.228575,0,4,17.488431,0,0,big_gain,manic
TSLA,2025-09-15,3.561147,2.044922,0,5,14.550073,0,0,volume_spike,attention
TSLA,2025-09-16,2.824111,1.232872,0,6,12.136872,0,0,winning_streak,smug
TSLA,2025-09-17,1.005643,1.220569,0,7,11.253283,0,0,mundane,casual
TSLA,2025-09-18,-2.115714,1.022513,1,0,13.130909,0,0,mundane,casual
TSLA,2025-09-19,2.211827,1.045105,0,1,11.209515,0,0,mundane,casual
TSLA,2025-09-22,1.910480,1.067353,0,2,9.513190,0,0,mundane,casual
TSLA,2025-09-23,-1.925332,0.915369,1,0,11.255362,0,0,mundane,casual
TSLA,2025-09-24,3.977927,1.023748,0,1,7.725165,0,0,mundane,casual
TSLA,2025-09-25,-4.381308,1.053913,1,0,11.768010,0,0,mundane,casual
TSLA,2025-09-26,4.017567,1.088578,0,1,8.223230,0,0,mundane,casual
TSLA,2025-09-29,0.638056,0.836357,0,2,7.637643,0,0,mundane,casual
TSLA,2025-09-30,0.340699,0.783027,0,3,7.322966,0,0,mundane,casual
TSLA,2025-10-01,3.314443,1.024664,0,4,4.251239,0,0,winning_streak,smug
TSLA,2025-10-02,-5.105992,1.423767,1,0,9.140163,0,0,big_drop,anxious
TSLA,2025-10-03,-1.415141,1.331285,2,0,10.425957,0,0,mundane,casual
TSLA,2025-10-06,5.448669,0.842675,0,1,5.545364,0,0,big_gain,manic
TSLA,2025-10-07,-4.447877,1.005262,1,0,9.746591,0,0,mundane,casual
TSLA,2025-10-08,1.293035,0.683326,0,1,8.579582,0,0,mundane,casual
TSLA,2025-10-09,-0.718045,0.665845,1,0,9.236022,0,0,mundane,casual
TSLA,2025-10-10,-5.062685,1.094619,2,0,13.831117,0,0,big_drop,anxious
TSLA,2025-10-13,5.419721,0.798603,0,1,9.161004,0,0,big_gain,manic
TSLA,2025-10-14,-1.527874,0.761723,1,0,10.548909,0,0,mundane,casual
TSLA,2025-10-15,1.376853,0.762714,0,1,9.317299,0,0,mundane,casual
TSLA,2025-10-16,-1.470756,0.838185,1,0,10.651020,0,0,mundane,casual
TSLA,2025-10-17,2.462973,0.977065,0,1,8.450379,0,0,mundane,casual
TSLA,2025-10-20,1.848352,0.698378,0,2,6.758220,0,0,mundane,casual
TSLA,2025-10-21,-1.079496,0.607489,1,0,7.764761,0,0,mundane,casual
TSLA,2025-10-22,-0.820155,0.953528,2,0,8.521232,0,0,mundane,casual
TSLA,2025-10-23,2.280340,1.445418,0,1,6.435205,0,0,mundane,casual
TSLA,2025-10-24,-3.398817,1.062433,1,0,9.615301,0,0,mundane,casual
TSLA,2025-10-27,4.311540,1.191984,0,1,5.718329,0,0,mundane,casual
TSLA,2025-10-28,1.796997,0.889618,0,2,4.024090,0,0,mundane,casual
TSLA,2025-10-29,0.208451,0.751810,0,3,3.824027,0,0,mundane,casual
TSLA,2025-10-30,-4.639120,0.814759,1,0,8.285746,0,0,mundane,casual
TSLA,2025-10-31,3.740057,0.970177,0,1,4.855580,0,0,mundane,casual
TSLA,2025-11-03,2.586735,1.016906,0,2,2.394446,0,0,mundane,casual
TSLA,2025-11-04,-5.147637,1.055372,1,0,7.418826,0,0,big_drop,anxious
TSLA,2025-11-05,4.008913,1.038188,0,1,3.707327,0,0,mundane,casual
TSLA,2025-11-06,-3.497306,1.318465,1,0,7.074976,0,0,mundane,casual
TSLA,2025-11-07,-3.675633,1.215046,2,0,10.490559,0,0,mundane,casual
TSLA,2025-11-10,3.657576,0.903091,0,1,7.216683,0,0,mundane,casual
TSLA,2025-11-11,-1.260026,0.715735,1,0,8.385777,0,0,mundane,casual
TSLA,2025-11-12,-2.051770,0.696854,2,0,10.265490,0,0,mundane,casual
TSLA,2025-11-13,-6.644221,1.427676,3,0,16.227649,0,0,big_drop,anxious
TSLA,2025-11-14,0.587083,1.235388,0,1,15.735836,0,0,mundane,casual
TSLA,2025-11-17,1.130211,1.185609,0,2,14.783473,0,0,mundane,casual
TSLA,2025-11-18,-1.875676,0.915488,1,0,16.381859,0,0,mundane,casual
TSLA,2025-11-19,0.682864,0.805443,0,1,15.810861,0,0,mundane,casual
TSLA,2025-11-20,-2.168365,1.277951,1,0,17.636389,0,0,mundane,casual
TSLA,2025-11-21,-1.047495,1.139084,2,0,18.499144,0,0,mundane,casual
TSLA,2025-11-24,6.824517,1.094094,0,1,12.937104,0,0,big_gain,manic
TSLA,2025-11-25,0.387763,0.816965,0,2,12.599507,0,0,mundane,casual
TSLA,2025-11-26,1.711968,0.724345,0,3,11.103238,0,0,mundane,casual
TSLA,2025-11-28,0.841583,0.414849,0,4,10.355098,0,0,winning_streak,smug
TSLA,2025-12-01,-0.006974,0.671472,1,0,10.361349,0,0,mundane,casual
TSLA,2025-12-02,-0.209240,0.822548,2,0,10.548909,0,0,mundane,casual
TSLA,2025-12-03,4.076973,1.047300,0,1,6.902012,0,0,mundane,casual
TSLA,2025-12-04,1.743746,0.860967,0,2,5.278620,0,0,mundane,casual
TSLA,2025-12-05,0.103404,0.681204,0,3,5.180675,0,0,mundane,casual
TSLA,2025-12-08,-3.389014,0.862683,1,0,8.394115,0,0,mundane,casual
TSLA,2025-12-09,1.271674,0.794895,0,1,7.229186,0,0,mundane,casual
TSLA,2025-12-10,1.410697,0.813575,0,2,5.920471,0,0,mundane,casual
TSLA,2025-12-11,-1.010078,0.718711,1,0,6.870748,0,0,mundane,casual
TSLA,2025-12-12,2.700883,1.230121,0,1,4.355436,0,0,mundane,casual
TSLA,2025-12-15,3.562404,1.495379,0,2,0.948191,0,0,mundane,casual
TSLA,2025-12-16,3.065369,1.396615,0,3,0.000000,1,0,new_52w_high,euphoric
TSLA,2025-12-17,-4.617456,1.377288,1,0,4.617456,0,0,mundane,casual
TSLA,2025-12-18,3.447756,1.210655,0,1,1.328899,0,0,mundane,casual
TSLA,2025-12-19,-0.448928,1.295122,1,0,1.771861,0,0,mundane,casual
TSLA,2025-12-22,1.564838,1.096694,0,1,0.234750,0,0,mundane,casual
TSLA,2025-12-23,-0.648623,0.740988,1,0,0.881850,0,0,mundane,casual
TSLA,2025-12-24,-0.032952,0.538647,2,0,0.914512,0,0,mundane,casual
TSLA,2025-12-26,-2.103418,0.782543,3,0,2.998694,0,0,mundane,casual
TSLA,2025-12-29,-3.272373,0.884912,4,0,6.172938,0,0,losing_streak,desperate
TSLA,2025-12-30,-1.133501,0.775562,5,0,7.236468,0,0,mundane,casual
TSLA,2025-12-31,-1.036462,0.641793,6,0,8.197927,0,0,losing_streak,desperate
TSLA,2026-01-02,-2.590499,1.133562,7,0,10.576059,0,0,mundane,casual
TSLA,2026-01-05,3.104528,0.901552,0,1,7.799868,0,0,mundane,casual
TSLA,2026-01-06,-4.142410,1.185365,1,0,11.619175,0,0,mundane,casual
TSLA,2026-01-07,-0.357998,0.779073,2,0,11.935576,0,0,mundane,casual
TSLA,2026-01-08,1.017590,0.747316,0,1,11.039442,0,0,mundane,casual
TSLA,2026-01-09,2.113360,0.885222,0,2,9.159385,0,0,mundane,casual
TSLA,2026-01-12,0.887616,0.808356,0,3,8.353069,0,0,mundane,casual
TSLA,2026-01-13,-0.392012,0.701763,1,0,8.712336,0,0,mundane,casual
TSLA,2026-01-14,-1.788909,0.769079,2,0,10.345389,0,0,mundane,casual
TSLA,2026-01-15,-0.143444,0.690980,3,0,10.473993,0,0,mundane,casual
TSLA,2026-01-16,-0.243976,0.876819,4,0,10.692415,0,0,losing_streak,desperate
TSLA,2026-01-20,-4.171429,0.952085,5,0,14.417817,0,0,mundane,casual
TSLA,2026-01-21,2.907574,1.051812,0,1,11.929453,0,0,mundane,casual
TSLA,2026-01-22,4.153528,1.135497,0,2,8.271417,0,0,mundane,casual
TSLA,2026-01-23,-0.066759,0.912127,1,0,8.332654,0,0,mundane,casual
TSLA,2026-01-26,-3.086444,0.794579,2,0,11.161916,0,0,mundane,casual
TSLA,2026-01-27,-0.988056,0.603019,3,0,12.039685,0,0,mundane,casual
TSLA,2026-01-28,0.129960,0.891682,0,1,11.925372,0,0,mundane,casual
TSLA,2026-01-29,-3.453389,1.340193,1,0,14.966932,0,0,mundane,casual
TSLA,2026-01-30,3.324853,1.331104,0,1,12.139708,0,0,mundane,casual
TSLA,2026-02-02,-1.998096,0.921393,1,0,13.895241,0,0,mundane,casual
TSLA,2026-02-03,0.035559,0.911482,0,1,13.864623,0,0,mundane,casual
TSLA,2026-02-04,-3.779975,1.206094,1,0,17.120518,0,0,mundane,casual
TSLA,2026-02-05,-2.167439,1.191152,2,0,18.916880,0,0,mundane,casual
TSLA,2026-02-06,3.499407,1.014464,0,1,16.079452,0,0,mundane,casual
TSLA,2026-02-09,1.510550,0.877855,0,2,14.811790,0,0,mundane,casual
TSLA,2026-02-10,1.890632,1.049286,0,3,13.201195,0,0,mundane,casual
TSLA,2026-02-11,0.719644,0.931762,0,4,12.576552,0,0,winning_streak,smug
TSLA,2026-02-12,-2.615169,1.003050,1,0,14.862823,0,0,mundane,casual
TSLA,2026-02-13,0.088713,0.829866,0,1,14.787295,0,0,mundane,casual
TSLA,2026-02-17,-1.631371,0.961364,1,0,16.177431,0,0,mundane,casual
TSLA,2026-02-18,0.168035,0.740070,0,1,16.036580,0,0,mundane,casual
TSLA,2026-02-19,0.094813,0.833833,0,2,15.956972,0,0,mundane,casual
TSLA,2026-02-20,0.026722,0.959898,0,3,15.934514,0,0,mundane,casual
TSLA,2026-02-23,-2.911471,1.168150,1,0,18.382056,0,0,mundane,casual
TSLA,2026-02-24,2.388520,0.971543,0,1,16.432596,0,0,mundane,casual
TSLA,2026-02-25,1.959057,0.902152,0,2,14.795462,0,0,mundane,casual
TSLA,2026-02-26,-2.113083,0.870054,1,0,16.595905,0,0,mundane,casual
TSLA,2026-02-27,-1.485628,0.924359,2,0,17.834979,0,0,mundane,casual
TSLA,2026-03-02,0.201236,0.913484,0,1,17.669633,0,0,mundane,casual
TSLA,2026-03-03,-2.700093,1.062593,1,0,19.892629,0,0,mundane,casual
TSLA,2026-03-04,3.442655,1.155318,0,1,17.134809,0,0,mundane,casual
TSLA,2026-03-05,-0.096077,0.869873,1,0,17.214423,0,0,mundane,casual
TSLA,2026-03-06,-2.174819,1.093836,2,0,19.014859,0,0,mundane,casual
TSLA,2026-03-09,0.491514,1.153086,0,1,18.616806,0,0,mundane,casual
TSLA,2026-03-10,0.140463,1.015775,0,2,18.502493,0,0,mundane,casual
TSLA,2026-03-11,2.149088,1.067992,0,3,16.751040,0,0,mundane,casual
TSLA,2026-03-12,-3.141091,1.042597,1,0,19.365966,0,0,mundane,casual
TSLA,2026-03-13,-0.964532,0.997288,2,0,20.143707,0,0,mundane,casual
TSLA,2026-03-16,1.114516,0.992761,0,1,19.253696,0,0,mundane,casual
TSLA,2026-03-17,0.937909,0.797140,0,2,18.496370,0,0,mundane,casual
TSLA,2026-03-18,-1.625464,0.874004,1,0,19.821182,0,0,mundane,casual
TSLA,2026-03-19,-3.177354,1.147999,2,0,22.368747,0,0,mundane,casual
TSLA,2026-03-20,-3.244806,1.327433,3,0,24.887730,0,0,mundane,casual
TSLA,2026-03-23,3.503102,1.237876,0,1,22.256471,0,0,mundane,casual
TSLA,2026-03-24,0.572402,0.991560,0,2,21.811465,0,0,mundane,casual
TSLA,2026-03-25,0.762346,0.910383,0,3,21.215398,0,0,mundane,casual
TSLA,2026-03-26,-3.585964,0.916154,1,0,24.040585,0,0,mundane,casual
TSLA,2026-03-27,-2.762624,1.022493,2,0,26.139058,0,0,mundane,casual
TSLA,2026-03-30,-1.810239,1.114753,3,0,27.476118,0,0,mundane,casual
TSLA,2026-03-31,4.635781,1.226167,0,1,24.114070,0,0,mundane,casual
TSLA,2026-04-01,2.558174,0.942737,0,2,22.172776,0,0,mundane,casual
TSLA,2026-04-02,-5.421501,1.344260,1,0,26.392179,0,0,big_drop,anxious
TSLA,2026-04-06,-2.154799,1.227014,2,0,27.978280,0,0,mundane,casual
TSLA,2026-04-07,-1.748771,1.164219,3,0,29.237774,0,0,mundane,casual
TSLA,2026-04-08,-0.980815,1.224592,4,0,29.931821,0,0,losing_streak,desperate
TSLA,2026-04-09,0.690457,0.951124,0,1,29.448030,0,0,mundane,casual
TSLA,2026-04-10,0.963491,0.785691,0,2,28.768268,0,0,mundane,casual
TSLA,2026-04-13,0.994412,0.826706,0,3,28.059931,0,0,mundane,casual
TSLA,2026-04-14,3.342602,0.928298,0,4,25.655261,0,0,winning_streak,smug
TSLA,2026-04-15,7.619440,1.758830,0,5,19.990608,0,0,big_gain,manic
TSLA,2026-04-16,-0.778165,0.933304,1,0,20.613213,0,0,mundane,casual
TSLA,2026-04-17,3.013628,1.319607,0,1,18.220791,0,0,mundane,casual
TSLA,2026-04-20,-2.026857,0.924694,1,0,19.878338,0,0,mundane,casual
TSLA,2026-04-21,-1.549041,0.730591,2,0,21.119456,0,0,mundane,casual
TSLA,2026-04-22,0.282076,0.917637,0,1,20.896953,0,0,mundane,casual
TSLA,2026-04-23,-3.558620,1.380319,1,0,23.711930,0,0,mundane,casual
TSLA,2026-04-24,0.690353,0.898236,0,1,23.185273,0,0,mundane,casual
TSLA,2026-04-27,0.629823,0.948124,0,2,22.701476,0,0,mundane,casual
TSLA,2026-04-28,-0.699824,0.720248,1,0,23.242430,0,0,mundane,casual
TSLA,2026-04-29,-0.856338,0.650527,2,0,23.899734,0,0,mundane,casual
TSLA,2026-04-30,2.368567,0.748271,0,1,22.097248,0,0,mundane,casual
TSLA,2026-05-01,2.408092,0.962580,0,2,20.221278,0,0,mundane,casual
TSLA,2026-05-04,0.432425,0.727906,0,3,19.876295,0,0,mundane,casual
TSLA,2026-05-05,-0.799983,0.728951,1,0,20.517271,0,0,mundane,casual
TSLA,2026-05-06,2.403887,0.832661,0,1,18.606596,0,0,mundane,casual
TSLA,2026-05-07,3.275399,1.021489,0,2,15.940638,0,0,mundane,casual
TSLA,2026-05-08,4.021466,1.031751,0,3,12.560218,0,0,mundane,casual
TSLA,2026-05-11,3.887007,1.229740,0,4,9.161428,0,0,winning_streak,smug
TSLA,2026-05-12,-2.595503,0.932240,1,0,11.519146,0,0,mundane,casual
TSLA,2026-05-13,2.726953,1.050490,0,1,9.106315,0,0,mundane,casual
TSLA,2026-05-14,-0.442428,0.734483,1,0,9.508454,0,0,mundane,casual
TSLA,2026-05-15,-4.750733,0.851842,2,0,13.807466,0,0,mundane,casual
TSLA,2026-05-18,-2.901194,0.875225,3,0,16.308078,0,0,mundane,casual
TSLA,2026-05-19,-1.434183,0.783516,4,0,17.508373,0,0,losing_streak,desperate
TSLA,2026-05-20,3.254071,0.765797,0,1,14.824037,0,0,mundane,casual
TSLA,2026-05-21,0.141398,0.731415,0,2,14.703601,0,0,mundane,casual
TSLA,2026-05-22,1.952855,0.827330,0,3,13.037886,0,0,mundane,casual
TSLA,2026-05-26,1.779298,0.831861,0,4,11.490571,0,0,winning_streak,smug
TSLA,2026-05-27,1.561380,0.829525,0,5,10.108602,0,0,mundane,casual
TSLA,2026-05-28,0.395136,0.605996,0,6,9.753409,0,0,winning_streak,smug
TSLA,2026-05-29,-1.427278,0.854392,1,0,11.041479,0,0,mundane,casual
TSLA,2026-06-01,-4.568715,0.854642,2,0,15.105740,0,0,mundane,casual
TSLA,2026-06-02,1.889965,0.729156,0,1,13.501269,0,0,mundane,casual
TSLA,2026-06-03,-0.009435,0.872520,1,0,13.509429,0,0,mundane,casual
TSLA,2026-06-04,-1.239084,0.694814,2,0,14.581120,0,0,mundane,casual
TSLA,2026-06-05,-6.559926,1.270147,3,0,20.184536,0,0,big_drop,anxious
TSLA,2026-06-08,4.590796,1.008842,0,1,16.520371,0,0,mundane,casual
TSLA,2026-06-09,-3.000371,1.219495,1,0,19.025070,0,0,mundane,casual
TSLA,2026-06-10,-3.804073,1.030391,2,0,22.105415,0,0,mundane,casual
TSLA,2026-06-11,4.601797,0.950471,0,1,18.520864,0,0,mundane,casual
TSLA,2026-06-12,1.823876,1.364781,0,2,17.034786,0,0,mundane,casual
TSLA,2026-06-15,1.161332,0.962246,0,3,16.071285,0,0,mundane,casual
TSLA,2026-06-16,-1.578497,0.855462,1,0,17.396097,0,0,mundane,casual
TSLA,2026-06-17,-2.046162,0.937308,2,0,19.086307,0,0,mundane,casual
TSLA,2026-06-18,1.036880,1.261070,0,1,18.247329,0,0,mundane,casual
TSLA,2026-06-22,1.138605,1.018471,0,2,17.316489,0,0,mundane,casual
TSLA,2026-06-23,-5.786941,1.067967,1,0,22.101335,0,0,big_drop,anxious
TSLA,2026-06-24,-1.593246,0.781860,2,0,23.342452,0,0,mundane,casual
TSLA,2026-06-25,-0.109180,0.641274,3,0,23.426147,0,0,mundane,casual
TSLA,2026-06-26,1.223607,1.154772,0,1,22.489184,0,0,mundane,casual
TSLA,2026-06-29,8.461722,1.218151,0,2,15.930434,0,0,big_gain,manic
TSLA,2026-06-30,2.127042,0.904888,0,3,14.142239,0,0,mundane,casual
TSLA,2026-07-01,1.117447,0.838300,0,4,13.182824,0,0,winning_streak,smug
TSLA,2026-07-02,-7.488826,1.535952,1,0,19.684411,0,0,big_drop,anxious
TSLA,2026-07-06,6.689535,1.106606,0,1,14.311671,0,0,big_gain,manic
TSLA,2026-07-07,-4.018866,0.756554,1,0,17.755371,0,0,mundane,casual
TSLA,2026-07-08,-2.194092,0.688431,2,0,19.559893,0,0,mundane,casual
TSLA,2026-07-09,3.169566,0.782715,0,1,17.010292,0,0,mundane,casual
TSLA,2026-07-10,0.297632,0.707346,0,2,16.763288,0,0,mundane,casual
TSLA,2026-07-13,-3.188150,0.706811,1,0,19.416999,0,0,mundane,casual
TSLA,2026-07-14,0.359708,0.510669,0,1,19.127135,0,0,mundane,casual
TSLA,2026-07-15,-0.434147,0.720539,1,0,19.478242,0,0,mundane,casual
TSLA,2026-07-16,-0.861936,0.679368,2,0,20.172288,0,0,mundane,casual
TSLA,2026-07-17,-2.613410,0.738114,3,0,22.258514,0,0,mundane,casual
TSLA,2026-07-20,-2.959245,0.808593,4,0,24.559075,0,0,losing_streak,desperate
TSLA,2026-07-21,2.532669,0.804260,0,1,22.648406,0,0,mundane,casual
TSLA,2026-07-22,-1.298388,0.767146,1,0,23.652730,0,0,mundane,casual
TSLA,2026-07-23,-14.523678,2.967350,2,0,34.741161,0,0,big_drop,anxious
TSLA,2026-07-24,-2.083269,1.463424,3,0,36.100679,0,0,mundane,casual
TSLA,2026-07-27,-1.217135,1.009044,4,0,36.878420,0,0,losing_streak,desperate
TSLA,2026-07-28,-0.575642,0.902732,5,0,37.241774,0,0,mundane,casual
TSLA,2026-07-29,-2.966431,0.913866,6,0,39.103453,0,1,new_52w_low,despondent
TSLA,2026-07-30,3.529766,0.883774,0,1,36.953947,0,0,mundane,casual
TSLA,2026-07-31,0.764120,0.853912,0,2,36.472200,0,0,mundane,casual
TSLA,2026-08-03,3.492817,0.932714,0,3,34.253290,0,0,mundane,casual
TSLA,2026-08-04,1.636245,0.828387,0,4,33.177512,0,0,winning_streak,smug
TSLA,2026-08-05,-1.771809,0.695883,1,0,34.361479,0,0,mundane,casual
TSLA,2026-08-06,-0.628204,0.656128,2,0,34.773823,0,0,mundane,casual
TSLA,2026-08-07,2.832281,1.010347,0,1,32.926434,0,0,mundane,casual
TSLA,2026-08-10,0.699987,0.634744,0,2,32.456928,0,0,mundane,casual
TSLA,2026-08-11,0.583291,0.598569,0,3,32.062955,0,0,mundane,casual
TSLA,2026-08-12,-1.592497,0.735875,1,0,33.144850,0,0,mundane,casual
TSLA,2026-08-13,3.801405,0.893228,0,1,30.603416,0,0,mundane,casual
TSLA,2026-08-14,0.679491,1.161209,0,2,30.131872,0,0,mundane,casual
TSLA,2026-08-17,-0.867736,0.653685,1,0,30.738143,0,0,mundane,casual
TSLA,2026-08-18,-0.716178,0.709835,2,0,31.234182,0,0,mundane,casual
TSLA,2026-08-19,4.230119,0.937104,0,1,28.325306,0,0,mundane,casual
TSLA,2026-08-20,-1.705967,0.778789,1,0,29.548052,0,0,mundane,casual
TSLA,2026-08-21,5.137189,1.679472,0,1,25.928803,0,0,big_gain,manic
TSLA,2026-08-24,-3.833427,1.116963,1,0,28.768268,0,0,mundane,casual
TSLA,2026-08-25,0.372543,0.856797,0,1,28.502899,0,0,mundane,casual
TSLA,2026-08-26,-1.264809,0.833010,1,0,29.407201,0,0,mundane,casual
TSLA,2026-08-27,2.599616,0.892774,0,1,27.572060,0,0,mundane,casual
TSLA,2026-08-28,-1.707956,0.988310,1,0,28.809097,0,0,mundane,casual
TSLA,2026-08-31,5.505380,1.860567,0,1,24.889767,0,0,big_gain,manic
TSLA,2026-09-01,-3.223268,1.053623,1,0,27.310772,0,0,mundane,casual
TSLA,2026-09-02,0.258366,0.978645,0,1,27.122968,0,0,mundane,casual
COIN,2025-08-26,0.810461,0.633694,0,1,26.513885,0,0,mundane,casual
COIN,2025-08-27,0.158840,0.473213,0,2,26.397160,0,0,mundane,casual
COIN,2025-08-28,-0.161828,0.529874,1,0,26.516270,0,0,mundane,casual
COIN,2025-08-29,-1.274027,0.571351,2,0,27.452473,0,0,mundane,casual
COIN,2025-09-02,-0.321800,0.659401,3,0,27.685931,0,0,mundane,casual
COIN,2025-09-03,-0.411780,0.518430,4,0,27.983706,0,0,losing_streak,desperate
COIN,2025-09-04,1.485227,0.654683,0,1,26.914101,0,0,mundane,casual
COIN,2025-09-05,-2.519551,1.263041,1,0,28.755537,0,0,mundane,casual
COIN,2025-09-08,1.046579,0.994242,0,1,28.009907,0,0,mundane,casual
COIN,2025-09-09,5.486428,1.170277,0,2,24.060222,0,0,big_gain,manic
COIN,2025-09-10,-1.079115,1.003038,1,0,24.879700,0,0,mundane,casual
COIN,2025-09-11,2.730391,0.898336,0,1,22.828621,0,0,mundane,casual
COIN,2025-09-12,-0.280908,0.846127,1,0,23.045402,0,0,mundane,casual
COIN,2025-09-15,1.232039,0.855075,0,1,22.097291,0,0,mundane,casual
COIN,2025-09-16,0.272159,0.927435,0,2,21.885272,0,0,mundane,casual
COIN,2025-09-17,-2.241470,1.122384,1,0,23.636191,0,0,mundane,casual
COIN,2025-09-18,7.040806,2.199068,0,1,18.259563,0,0,big_gain,manic
COIN,2025-09-19,-0.195265,1.596006,1,0,18.419174,0,0,mundane,casual
COIN,2025-09-22,-3.068966,1.003272,2,0,20.922861,0,0,mundane,casual
COIN,2025-09-23,-3.578854,0.972758,3,0,23.752916,0,0,mundane,casual
COIN,2025-09-24,0.531128,0.575257,0,1,23.347947,0,0,mundane,casual
COIN,2025-09-25,-4.686573,1.065330,1,0,26.940301,0,0,mundane,casual
COIN,2025-09-26,1.923765,0.792064,0,1,25.534805,0,0,mundane,casual
COIN,2025-09-29,6.846027,1.419756,0,2,20.436898,0,0,big_gain,manic
COIN,2025-09-30,1.047936,0.760957,0,3,19.603128,0,0,mundane,casual
COIN,2025-10-01,2.571935,1.009066,0,4,17.535372,0,0,winning_streak,smug
COIN,2025-10-02,7.481871,1.760688,0,5,11.365475,0,0,big_gain,manic
COIN,2025-10-03,2.136690,1.448465,0,6,9.471630,0,0,winning_streak,smug
COIN,2025-10-06,1.592026,0.911542,0,7,8.030395,0,0,mundane,casual
COIN,2025-10-07,-2.665322,0.959735,1,0,10.481681,0,0,mundane,casual
COIN,2025-10-08,3.057637,0.752201,0,1,7.744535,0,0,mundane,casual
COIN,2025-10-09,-0.069716,0.729224,1,0,7.808852,0,0,mundane,casual
COIN,2025-10-10,-7.749351,1.842196,2,0,14.953068,0,0,big_drop,anxious
COIN,2025-10-13,-0.005608,1.046045,3,0,14.957837,0,0,mundane,casual
COIN,2025-10-14,-4.325052,0.941279,4,0,18.635955,0,0,losing_streak,desperate
COIN,2025-10-15,-1.537110,0.784079,5,0,19.886610,0,0,mundane,casual
COIN,2025-10-16,-1.798985,0.754614,6,0,21.327838,0,0,losing_streak,desperate
COIN,2025-10-17,1.747158,0.996833,0,1,19.953311,0,0,mundane,casual
COIN,2025-10-20,2.309389,0.801161,0,2,18.104722,0,0,mundane,casual
COIN,2025-10-21,-1.500961,0.644490,1,0,19.333938,0,0,mundane,casual
COIN,2025-10-22,-5.401337,1.377524,2,0,23.690984,0,0,big_drop,anxious
COIN,2025-10-23,0.758600,0.608572,0,1,23.112104,0,0,mundane,casual
COIN,2025-10-24,9.821533,1.463918,0,2,15.560534,0,0,big_gain,manic
COIN,2025-10-27,1.966372,0.983657,0,3,13.900140,0,0,mundane,casual
COIN,2025-10-28,-1.718173,0.670868,1,0,15.379484,0,0,mundane,casual
COIN,2025-10-29,-1.860823,0.777586,2,0,16.954122,0,0,mundane,casual
COIN,2025-10-30,-5.765749,0.926372,3,0,21.742339,0,0,big_drop,anxious
COIN,2025-10-31,4.648257,1.476306,0,1,18.104722,0,0,mundane,casual
COIN,2025-11-03,-3.886202,1.001878,1,0,21.287338,0,0,mundane,casual
COIN,2025-11-04,-6.991104,1.327434,2,0,26.790222,0,0,big_drop,anxious
COIN,2025-11-05,3.898211,0.862944,0,1,23.936350,0,0,mundane,casual
COIN,2025-11-06,-7.541493,1.273238,1,0,29.672685,0,0,big_drop,anxious
COIN,2025-11-07,4.715132,1.217651,0,1,26.356659,0,0,mundane,casual
COIN,2025-11-10,2.843365,0.934208,0,2,24.262711,0,0,mundane,casual
COIN,2025-11-11,-4.378317,0.745947,1,0,27.578729,0,0,mundane,casual
COIN,2025-11-12,-0.003293,0.741698,2,0,27.581114,0,0,mundane,casual
COIN,2025-11-13,-6.861837,1.188800,3,0,32.550380,0,0,big_drop,anxious
COIN,2025-11-14,0.303731,1.237897,0,1,32.345514,0,0,mundane,casual
COIN,2025-11-17,-7.059855,1.642912,1,0,37.121823,0,0,big_drop,anxious
COIN,2025-11-18,-0.818338,1.080628,2,0,37.636379,0,0,mundane,casual
COIN,2025-11-19,-1.718935,1.291810,3,0,38.708369,0,0,mundane,casual
COIN,2025-11-20,-7.435192,1.505264,4,0,43.265519,0,0,big_drop,anxious
COIN,2025-11-21,0.944743,1.148234,0,1,42.729524,0,0,mundane,casual
COIN,2025-11-24,6.472275,0.933262,0,2,39.022821,0,0,big_gain,manic
COIN,2025-11-25,-0.722743,0.793997,1,0,39.463530,0,0,mundane,casual
COIN,2025-11-26,4.269639,0.916235,0,1,36.878841,0,0,mundane,casual
COIN,2025-11-28,2.962602,0.819478,0,2,35.008812,0,0,mundane,casual
COIN,2025-12-01,-4.757720,1.106077,1,0,38.100911,0,0,mundane,casual
COIN,2025-12-02,1.316200,0.833031,0,1,37.286195,0,0,mundane,casual
COIN,2025-12-03,5.188788,0.871624,0,2,34.032109,0,0,big_gain,manic
COIN,2025-12-04,-1.036409,0.603847,1,0,34.715806,0,0,mundane,casual
COIN,2025-12-05,-1.576346,0.675090,2,0,35.744911,0,0,mundane,casual
COIN,2025-12-08,1.657213,0.572235,0,1,34.680067,0,0,mundane,casual
COIN,2025-12-09,1.152434,0.781971,0,2,33.927299,0,0,mundane,casual
COIN,2025-12-10,-0.818427,0.680561,1,0,34.468055,0,0,mundane,casual
COIN,2025-12-11,-2.206553,0.796541,2,0,35.914053,0,0,mundane,casual
COIN,2025-12-12,-0.579882,0.813526,3,0,36.285675,0,0,mundane,casual
COIN,2025-12-15,-6.371044,1.098578,4,0,40.344943,0,0,big_drop,anxious
COIN,2025-12-16,0.874532,0.700267,0,1,39.823240,0,0,mundane,casual
COIN,2025-12-17,-3.333201,0.895023,1,0,41.829053,0,0,mundane,casual
COIN,2025-12-18,-2.043493,0.999414,2,0,43.017772,0,0,mundane,casual
COIN,2025-12-19,2.474916,1.166628,0,1,41.607510,0,0,mundane,casual
COIN,2025-12-22,1.134138,0.704178,0,2,40.945258,0,0,mundane,casual
COIN,2025-12-23,-2.258972,0.819835,1,0,42.279288,0,0,mundane,casual
COIN,2025-12-24,-1.060671,0.460960,2,0,42.891515,0,0,mundane,casual
COIN,2025-12-26,-1.180496,0.726142,3,0,43.565679,0,0,mundane,casual
COIN,2025-12-29,-1.321228,0.799286,4,0,44.311305,0,0,losing_streak,desperate
COIN,2025-12-30,-0.928262,0.721890,5,0,44.828242,0,0,mundane,casual
COIN,2025-12-31,-2.357516,0.889688,6,0,46.128925,0,0,losing_streak,desperate
COIN,2026-01-02,4.594499,1.185866,0,1,43.653819,0,0,mundane,casual
COIN,2026-01-05,7.774912,1.862837,0,2,39.272953,0,0,big_gain,manic
COIN,2026-01-06,-1.710341,1.124378,1,0,40.311592,0,0,mundane,casual
COIN,2026-01-07,-1.847863,0.961582,2,0,41.414552,0,0,mundane,casual
COIN,2026-01-08,-0.138250,0.876870,3,0,41.495546,0,0,mundane,casual
COIN,2026-01-09,-1.958548,1.036815,4,0,42.641384,0,0,losing_streak,desperate
COIN,2026-01-12,0.913696,0.755904,0,1,42.117300,0,0,mundane,casual
COIN,2026-01-13,3.996216,1.160222,0,2,39.804183,0,0,mundane,casual
COIN,2026-01-14,1.254501,1.381165,0,3,39.049025,0,0,mundane,casual
COIN,2026-01-15,-6.480107,1.547434,1,0,42.998714,0,0,big_drop,anxious
COIN,2026-01-16,0.781509,0.943570,0,1,42.553243,0,0,mundane,casual
COIN,2026-01-20,-5.565000,1.213985,1,0,45.750156,0,0,big_drop,anxious
COIN,2026-01-21,-0.351295,1.051515,2,0,45.940732,0,0,mundane,casual
COIN,2026-01-22,-1.670116,0.891180,3,0,46.843585,0,0,mundane,casual
COIN,2026-01-23,-2.774044,1.622458,4,0,48.318167,0,0,losing_streak,desperate
COIN,2026-01-26,-1.599447,0.853150,5,0,49.144791,0,0,mundane,casual
COIN,2026-01-27,-1.241331,0.882848,6,0,49.776073,0,0,losing_streak,desperate
COIN,2026-01-28,-0.664046,1.060172,7,0,50.109583,0,0,mundane,casual
COIN,2026-01-29,-4.894237,1.684980,8,0,52.551338,0,0,losing_streak,desperate
COIN,2026-01-30,-2.229134,1.057098,9,0,53.609032,0,0,mundane,casual
COIN,2026-02-02,-3.532918,1.326670,10,0,55.247987,0,0,losing_streak,desperate
COIN,2026-02-03,-4.364951,1.335944,11,0,57.201390,0,0,mundane,casual
COIN,2026-02-04,-6.144945,1.771723,12,0,59.831341,0,0,big_drop,anxious
COIN,2026-02-05,-13.343613,3.026809,13,0,65.191292,0,1,new_52w_low,despondent
COIN,2026-02-06,13.003012,1.816183,0,1,60.665111,0,0,big_gain,manic
COIN,2026-02-09,1.289974,0.920724,0,2,60.157702,0,0,mundane,casual
COIN,2026-02-10,-2.834084,0.757835,1,0,61.286866,0,0,mundane,casual
COIN,2026-02-11,-5.728877,1.179747,2,0,63.504694,0,0,big_drop,anxious
COIN,2026-02-12,-7.904701,1.658982,3,0,66.389538,0,1,new_52w_low,despondent
COIN,2026-02-13,16.464676,2.591505,0,1,60.855685,0,0,big_gain,manic
COIN,2026-02-17,1.034565,1.240260,0,2,60.450711,0,0,mundane,casual
COIN,2026-02-18,-1.186605,0.986619,1,0,60.920005,0,0,mundane,casual
COIN,2026-02-19,1.152087,0.564256,0,1,60.469769,0,0,mundane,casual
COIN,2026-02-20,3.260217,0.967152,0,2,59.180998,0,0,mundane,casual
COIN,2026-02-23,-6.483805,0.875623,1,0,61.827623,0,0,big_drop,anxious
COIN,2026-02-24,1.117071,0.721548,0,1,61.401210,0,0,mundane,casual
COIN,2026-02-25,13.522189,1.625134,0,2,56.181809,0,0,big_gain,manic
COIN,2026-02-26,-1.565730,0.824616,1,0,56.867884,0,0,mundane,casual
COIN,2026-02-27,-2.877495,0.730562,2,0,58.109008,0,0,mundane,casual
COIN,2026-03-02,5.339777,0.794818,0,1,55.872122,0,0,big_gain,manic
COIN,2026-03-03,-1.554742,0.821445,1,0,56.558197,0,0,mundane,casual
COIN,2026-03-04,14.570077,1.738664,0,1,50.228693,0,0,big_gain,manic
COIN,2026-03-05,-1.541179,0.918329,1,0,50.995758,0,0,mundane,casual
COIN,2026-03-06,-4.127172,0.706068,2,0,53.018247,0,0,mundane,casual
COIN,2026-03-09,1.303109,0.783974,0,1,52.406024,0,0,mundane,casual
COIN,2026-03-10,-1.636713,0.722907,1,0,53.185001,0,0,mundane,casual
COIN,2026-03-11,1.073683,0.634819,0,1,52.682356,0,0,mundane,casual
COIN,2026-03-12,-2.718627,0.529387,1,0,53.968746,0,0,mundane,casual
COIN,2026-03-13,1.190293,0.822752,0,1,53.420840,0,0,mundane,casual
COIN,2026-03-16,3.984047,0.909092,0,2,51.565104,0,0,mundane,casual
COIN,2026-03-17,3.398578,0.892203,0,3,49.919006,0,0,mundane,casual
COIN,2026-03-18,-3.776817,0.958310,1,0,51.810474,0,0,mundane,casual
COIN,2026-03-19,0.306496,0.708352,0,1,51.662775,0,0,mundane,casual
COIN,2026-03-20,-2.666209,1.011448,1,0,52.951546,0,0,mundane,casual
COIN,2026-03-23,1.579744,0.949094,0,1,52.208301,0,0,mundane,casual
COIN,2026-03-24,-9.759746,1.587372,1,0,56.872649,0,0,big_drop,anxious
COIN,2026-03-25,0.033149,0.764638,0,1,56.858353,0,0,mundane,casual
COIN,2026-03-26,-4.262839,0.724635,1,0,58.697412,0,0,mundane,casual
COIN,2026-03-27,-7.059641,0.959516,2,0,61.613226,0,0,big_drop,anxious
COIN,2026-03-30,-0.217206,0.916248,3,0,61.696605,0,0,mundane,casual
COIN,2026-03-31,8.595067,0.987535,0,1,58.404402,0,0,big_gain,manic
COIN,2026-04-01,-0.927780,0.688832,1,0,58.790317,0,0,mundane,casual
COIN,2026-04-02,-0.884443,0.745433,2,0,59.154794,0,0,mundane,casual
COIN,2026-04-06,1.942136,0.614781,0,1,58.361524,0,0,mundane,casual
COIN,2026-04-07,0.223125,0.673046,0,2,58.268618,0,0,mundane,casual
COIN,2026-04-08,-0.051374,0.879118,1,0,58.290058,0,0,mundane,casual
COIN,2026-04-09,-3.466784,0.969078,2,0,59.736051,0,0,mundane,casual
COIN,2026-04-10,-0.692225,0.709941,3,0,60.014768,0,0,mundane,casual
COIN,2026-04-13,3.979740,0.670529,0,1,58.423460,0,0,mundane,casual
COIN,2026-04-14,5.660921,0.996393,0,2,56.069845,0,0,big_gain,manic
COIN,2026-04-15,6.230676,1.092611,0,3,53.332699,0,0,big_gain,manic
COIN,2026-04-16,2.006130,1.039465,0,4,52.396493,0,0,winning_streak,smug
COIN,2026-04-17,3.252765,1.458947,0,5,50.848063,0,0,mundane,casual
COIN,2026-04-20,2.568702,0.901158,0,6,49.585496,0,0,winning_streak,smug
COIN,2026-04-21,-7.409161,1.388036,1,0,53.320788,0,0,big_drop,anxious
COIN,2026-04-22,5.251344,1.097055,0,1,50.869502,0,0,big_gain,manic
COIN,2026-04-23,-4.029292,0.828958,1,0,52.849113,0,0,mundane,casual
COIN,2026-04-24,0.929627,0.551922,0,1,52.410786,0,0,mundane,casual
COIN,2026-04-27,-1.546784,0.760691,1,0,53.146888,0,0,mundane,casual
COIN,2026-04-28,-1.311769,0.625034,2,0,53.761493,0,0,mundane,casual
COIN,2026-04-29,-6.373009,1.282472,3,0,56.708277,0,0,big_drop,anxious
COIN,2026-04-30,3.323616,0.792178,0,1,55.269426,0,0,mundane,casual
COIN,2026-05-01,1.853329,0.692526,0,2,54.440421,0,0,mundane,casual
COIN,2026-05-04,6.138565,1.162411,0,3,51.643717,0,0,big_gain,manic
COIN,2026-05-05,-2.581410,1.019822,1,0,52.891991,0,0,mundane,casual
COIN,2026-05-06,0.106198,0.776533,0,1,52.841963,0,0,mundane,casual
COIN,2026-05-07,-2.525763,0.925288,1,0,54.033063,0,0,mundane,casual
COIN,2026-05-08,4.249584,1.314907,0,1,52.079660,0,0,mundane,casual
COIN,2026-05-11,7.675483,1.356828,0,2,48.401542,0,0,big_gain,manic
COIN,2026-05-12,-4.136661,0.916963,1,0,50.535995,0,0,mundane,casual
COIN,2026-05-13,-2.812558,0.812052,2,0,51.927199,0,0,mundane,casual
COIN,2026-05-14,5.059461,1.635592,0,1,49.494975,0,0,big_gain,manic
COIN,2026-05-15,-7.820387,1.387077,1,0,53.444663,0,0,big_drop,anxious
COIN,2026-05-18,-3.065032,1.005776,2,0,54.871599,0,0,mundane,casual
COIN,2026-05-19,2.116763,0.683769,0,1,53.916338,0,0,mundane,casual
COIN,2026-05-20,-1.116570,0.707257,1,0,54.430894,0,0,mundane,casual
COIN,2026-05-21,1.186683,0.584542,0,1,53.890133,0,0,mundane,casual
COIN,2026-05-22,-4.427564,0.829937,1,0,55.931677,0,0,mundane,casual
COIN,2026-05-26,-2.692043,0.802922,2,0,57.118015,0,0,mundane,casual
COIN,2026-05-27,-3.460917,0.849107,3,0,58.602125,0,0,mundane,casual
COIN,2026-05-28,4.873979,0.927717,0,1,56.584401,0,0,mundane,casual
COIN,2026-05-29,3.720164,1.071131,0,2,54.969270,0,0,mundane,casual
COIN,2026-06-01,-3.396285,0.935083,1,0,56.498642,0,0,mundane,casual
COIN,2026-06-02,-4.720440,0.941011,2,0,58.552097,0,0,mundane,casual
COIN,2026-06-03,-6.190013,0.983356,3,0,61.117728,0,0,big_drop,anxious
COIN,2026-06-04,0.557532,0.878068,0,1,60.900947,0,0,mundane,casual
COIN,2026-06-05,-7.146780,1.720649,1,0,63.695270,0,0,big_drop,anxious
COIN,2026-06-08,6.371396,0.874524,0,1,61.382152,0,0,big_gain,manic
COIN,2026-06-09,-4.077479,0.899485,1,0,62.956787,0,0,mundane,casual
COIN,2026-06-10,-0.983922,0.663747,2,0,63.321263,0,0,mundane,casual
COIN,2026-06-11,4.195617,0.730047,0,1,61.782364,0,0,mundane,casual
COIN,2026-06-12,-0.405157,0.688546,1,0,61.937205,0,0,mundane,casual
COIN,2026-06-15,6.158465,1.005766,0,1,59.593121,0,0,big_gain,manic
COIN,2026-06-16,-0.206338,0.741559,1,0,59.676496,0,0,mundane,casual
COIN,2026-06-17,-2.569862,0.964860,2,0,60.712755,0,0,mundane,casual
COIN,2026-06-18,-1.006550,1.155862,3,0,61.108201,0,0,mundane,casual
COIN,2026-06-22,0.967782,0.984523,0,1,60.731813,0,0,mundane,casual
COIN,2026-06-23,-4.040283,0.864221,1,0,62.318359,0,0,mundane,casual
COIN,2026-06-24,-5.101778,1.146015,2,0,64.240792,0,0,big_drop,anxious
COIN,2026-06-25,-5.056290,0.879200,3,0,66.048882,0,0,big_drop,anxious
COIN,2026-06-26,4.588825,1.184416,0,1,64.490924,0,0,mundane,casual
COIN,2026-06-29,1.737553,0.799385,0,2,63.873935,0,0,mundane,casual
COIN,2026-06-30,-3.600391,0.997345,1,0,65.174615,0,0,mundane,casual
COIN,2026-07-01,8.926741,1.368613,0,1,62.065843,0,0,big_gain,manic
COIN,2026-07-02,3.918608,1.084874,0,2,60.579352,0,0,mundane,casual
COIN,2026-07-06,2.048585,0.729025,0,3,59.771786,0,0,mundane,casual
COIN,2026-07-07,-3.174039,0.552976,1,0,61.048646,0,0,mundane,casual
COIN,2026-07-08,-2.538067,0.576951,2,0,62.037257,0,0,mundane,casual
COIN,2026-07-09,-0.577309,0.593802,3,0,62.256419,0,0,mundane,casual
COIN,2026-07-10,0.397630,0.786208,0,1,62.106340,0,0,mundane,casual
COIN,2026-07-13,-1.068719,0.695677,1,0,62.511317,0,0,mundane,casual
COIN,2026-07-14,2.624392,0.960494,0,1,61.527467,0,0,mundane,casual
COIN,2026-07-15,3.535608,0.975806,0,2,60.167229,0,0,mundane,casual
COIN,2026-07-16,-4.018899,0.823156,1,0,61.768068,0,0,mundane,casual
COIN,2026-07-17,-2.099825,0.844220,2,0,62.570872,0,0,mundane,casual
COIN,2026-07-20,2.106669,0.752567,0,1,61.214131,0,0,mundane,casual
COIN,2026-07-21,9.611677,1.849374,0,2,57.486158,0,0,big_gain,manic
COIN,2026-07-22,-5.533131,0.908508,1,0,58.925924,0,0,big_drop,anxious
COIN,2026-07-23,-2.985788,0.735607,2,0,59.488197,0,0,mundane,casual
COIN,2026-07-24,-1.780846,0.725925,3,0,60.098314,0,0,mundane,casual
COIN,2026-07-27,5.812125,0.941350,0,1,56.751101,0,0,big_gain,manic
COIN,2026-07-28,0.244784,0.720361,0,2,56.645235,0,0,mundane,casual
COIN,2026-07-29,-4.651577,0.972468,1,0,58.661915,0,0,mundane,casual
COIN,2026-07-30,2.180028,1.142651,0,1,57.760734,0,0,mundane,casual
COIN,2026-07-31,-10.588096,3.118773,1,0,62.233068,0,0,big_drop,anxious
COIN,2026-08-03,0.164095,1.261419,0,1,62.171094,0,0,mundane,casual
COIN,2026-08-04,2.887369,0.986957,0,2,61.078834,0,0,mundane,casual
COIN,2026-08-05,-0.557286,0.908422,1,0,61.295736,0,0,mundane,casual
COIN,2026-08-06,-2.988855,0.768798,2,0,62.452550,0,0,mundane,casual
COIN,2026-08-07,5.632351,1.141241,0,1,60.337746,0,0,big_gain,manic
COIN,2026-08-10,-3.203133,0.781181,1,0,61.608181,0,0,mundane,casual
COIN,2026-08-11,-0.067252,0.826709,2,0,61.634001,0,0,mundane,casual
COIN,2026-08-12,0.309591,0.761610,0,1,61.515223,0,0,mundane,casual
COIN,2026-08-13,3.260870,0.968635,0,2,60.260284,0,0,mundane,casual
COIN,2026-08-14,-3.528261,0.936620,1,0,61.662405,0,0,mundane,casual
COIN,2026-08-17,1.400958,0.739920,0,1,61.125311,0,0,mundane,casual
COIN,2026-08-18,-2.869483,0.865156,1,0,62.240814,0,0,mundane,casual
COIN,2026-08-19,9.553444,2.276158,0,1,58.633511,0,0,big_gain,manic
COIN,2026-08-20,7.584275,2.209580,0,2,55.496163,0,0,big_gain,manic
COIN,2026-08-21,8.204235,2.659091,0,3,51.844963,0,0,big_gain,manic
COIN,2026-08-24,-3.758919,1.400830,1,0,53.655072,0,0,mundane,casual
COIN,2026-08-25,4.279033,1.085225,0,1,51.671958,0,0,mundane,casual
COIN,2026-08-26,-2.874548,0.627063,1,0,53.061171,0,0,mundane,casual
COIN,2026-08-27,4.918034,0.925764,0,1,50.752703,0,0,mundane,casual
COIN,2026-08-28,-6.333894,0.996677,1,0,53.871975,0,0,big_drop,anxious
COIN,2026-08-31,5.306760,1.126577,0,1,51.424071,0,0,big_gain,manic
COIN,2026-09-01,-6.006798,0.879387,1,0,54.341929,0,0,big_drop,anxious
COIN,2026-09-02,-1.051917,0.542055,2,0,54.822214,0,0,mundane,casual
GME,2025-08-26,-1.675489,1.386947,2,0,36.303912,0,0,mundane,casual
GME,2025-08-27,0.896866,1.196103,0,1,35.732644,0,0,mundane,casual
GME,2025-08-28,1.288893,1.135490,0,2,34.904306,0,0,mundane,casual
GME,2025-08-29,-1.667402,1.004876,1,0,35.989714,0,0,mundane,casual
GME,2025-09-02,4.462294,1.832727,0,1,33.133387,0,0,mundane,casual
GME,2025-09-03,-2.263994,1.794409,1,0,34.647243,0,0,mundane,casual
GME,2025-09-04,-2.229012,0.973057,2,0,36.103964,0,0,mundane,casual
GME,2025-09-05,1.072865,1.955016,0,1,35.418445,0,0,mundane,casual
GME,2025-09-08,2.697912,1.676039,0,2,33.676092,0,0,mundane,casual
GME,2025-09-09,1.593458,2.906162,0,3,32.619248,0,0,volume_spike,attention
GME,2025-09-10,3.306490,6.626021,0,4,30.391310,0,0,winning_streak,smug
GME,2025-09-11,1.969631,1.382508,0,5,29.020276,0,0,mundane,casual
GME,2025-09-12,0.321932,0.990571,0,6,28.791770,0,0,winning_streak,smug
GME,2025-09-15,2.406743,0.996698,0,7,27.077971,0,0,mundane,casual
GME,2025-09-16,3.172734,0.996175,0,8,24.764349,0,0,winning_streak,smug
GME,2025-09-17,-0.911162,0.781590,1,0,25.449867,0,0,mundane,casual
GME,2025-09-18,-0.842916,0.763659,2,0,26.078262,0,0,mundane,casual
GME,2025-09-19,0.772801,0.920583,0,1,25.506994,0,0,mundane,casual
GME,2025-09-22,2.684053,1.055947,0,2,23.507562,0,0,mundane,casual
GME,2025-09-23,0.074675,0.644971,0,3,23.450441,0,0,mundane,casual
GME,2025-09-24,-2.052235,0.495592,1,0,25.021418,0,0,mundane,casual
GME,2025-09-25,-3.733333,0.746569,2,0,27.820619,0,0,mundane,casual
GME,2025-09-26,4.550851,0.727460,0,1,24.535843,0,0,mundane,casual
GME,2025-09-29,2.990155,0.716128,0,2,22.279347,0,0,mundane,casual
GME,2025-09-30,0.257266,0.478414,0,3,22.079399,0,0,mundane,casual
GME,2025-10-01,1.502932,0.740008,0,4,20.908305,0,0,winning_streak,smug
GME,2025-10-02,-1.697371,1.322431,1,0,22.250784,0,0,mundane,casual
GME,2025-10-03,-6.759736,1.015906,2,0,27.506425,0,0,big_drop,anxious
GME,2025-10-06,-1.300236,1.007659,3,0,28.449013,0,0,mundane,casual
GME,2025-10-07,-2.794407,0.935327,4,0,30.448439,0,0,losing_streak,desperate
GME,2025-10-08,0.246407,0.644545,0,1,30.277060,0,0,mundane,casual
GME,2025-10-09,-1.392872,1.286026,1,0,31.248211,0,0,mundane,casual
GME,2025-10-10,-3.199007,1.064083,2,0,33.447585,0,0,mundane,casual
GME,2025-10-13,1.244640,0.628860,0,1,32.619248,0,0,mundane,casual
GME,2025-10-14,-1.610856,0.497481,1,0,33.704655,0,0,mundane,casual
GME,2025-10-15,0.732443,0.575528,0,1,33.219079,0,0,mundane,casual
GME,2025-10-16,-1.839170,0.763809,1,0,34.447294,0,0,mundane,casual
GME,2025-10-17,0.522871,0.729093,0,1,34.104538,0,0,mundane,casual
GME,2025-10-20,1.300394,0.530231,0,2,33.247637,0,0,mundane,casual
GME,2025-10-21,-2.439033,0.798168,1,0,34.875749,0,0,mundane,casual
GME,2025-10-22,-1.359645,1.382056,2,0,35.761207,0,0,mundane,casual
GME,2025-10-23,5.068915,1.290441,0,1,32.504998,0,0,big_gain,manic
GME,2025-10-24,-1.396530,0.689917,1,0,33.447585,0,0,mundane,casual
GME,2025-10-27,0.987133,1.142704,0,1,32.790625,0,0,mundane,casual
GME,2025-10-28,-0.977484,0.959201,1,0,33.447585,0,0,mundane,casual
GME,2025-10-29,0.343348,0.673929,0,1,33.219079,0,0,mundane,casual
GME,2025-10-30,-3.421724,0.773033,1,0,35.504138,0,0,mundane,casual
GME,2025-10-31,-1.284318,0.629791,2,0,36.332470,0,0,mundane,casual
GME,2025-11-03,-0.807537,0.826551,3,0,36.846609,0,0,mundane,casual
GME,2025-11-04,-0.587974,0.703421,4,0,37.217934,0,0,losing_streak,desperate
GME,2025-11-05,0.136488,0.551262,0,1,37.132244,0,0,mundane,casual
GME,2025-11-06,-2.998637,0.830680,1,0,39.017420,0,0,mundane,casual
GME,2025-11-07,0.702576,0.993131,0,1,38.588971,0,0,mundane,casual
GME,2025-11-10,-0.046512,0.736203,1,0,38.617534,0,0,mundane,casual
GME,2025-11-11,-0.186128,0.448710,2,0,38.731785,0,0,mundane,casual
GME,2025-11-12,-0.419580,0.690757,3,0,38.988854,0,0,mundane,casual
GME,2025-11-13,-1.872668,1.186273,4,0,40.131390,0,1,new_52w_low,despondent
GME,2025-11-14,-1.431293,0.935388,5,0,40.988286,0,1,new_52w_low,despondent
GME,2025-11-17,-0.774443,0.791323,6,0,41.445298,0,1,new_52w_low,despondent
GME,2025-11-18,0.000000,0.592067,0,0,41.445298,0,1,new_52w_low,despondent
GME,2025-11-19,-0.390244,0.841476,1,0,41.673804,0,1,new_52w_low,despondent
GME,2025-11-20,-2.350632,1.024989,2,0,43.044838,0,1,new_52w_low,despondent
GME,2025-11-21,1.002999,0.975695,0,1,42.473579,0,0,mundane,casual
GME,2025-11-24,1.737840,0.989181,0,2,41.473861,0,0,mundane,casual
GME,2025-11-25,2.781840,0.880436,0,3,39.845758,0,0,mundane,casual
GME,2025-11-26,2.706553,0.878487,0,4,38.217651,0,0,winning_streak,smug
GME,2025-11-28,4.160897,1.679285,0,5,35.646951,0,0,mundane,casual
GME,2025-12-01,1.154017,1.475455,0,6,34.904306,0,0,winning_streak,smug
GME,2025-12-02,0.087749,1.474523,0,7,34.847186,0,0,mundane,casual
GME,2025-12-03,1.753617,1.982692,0,8,33.704655,0,0,winning_streak,smug
GME,2025-12-04,-1.120198,1.222860,1,0,34.447294,0,0,mundane,casual
GME,2025-12-05,0.217861,0.940212,0,1,34.304481,0,0,mundane,casual
GME,2025-12-08,1.521739,0.879387,0,2,33.304766,0,0,mundane,casual
GME,2025-12-09,-1.027833,1.529654,1,0,33.990282,0,0,mundane,casual
GME,2025-12-10,-4.283860,1.859083,2,0,36.818046,0,0,mundane,casual
GME,2025-12-11,-1.175407,0.699240,3,0,37.560691,0,0,mundane,casual
GME,2025-12-12,-2.881981,0.805812,4,0,39.360179,0,0,losing_streak,desperate
GME,2025-12-15,4.050871,1.221776,0,1,36.903738,0,0,mundane,casual
GME,2025-12-16,0.860122,0.588788,0,2,36.361033,0,0,mundane,casual
GME,2025-12-17,3.366248,0.927659,0,3,34.218788,0,0,mundane,casual
GME,2025-12-18,-2.040825,0.681881,1,0,35.561267,0,0,mundane,casual
GME,2025-12-19,-0.221627,1.101372,2,0,35.704081,0,0,mundane,casual
GME,2025-12-22,-3.420702,0.957663,3,0,37.903453,0,0,mundane,casual
GME,2025-12-23,-1.655938,0.643269,4,0,38.931733,0,0,losing_streak,desperate
GME,2025-12-24,0.701600,0.263605,0,1,38.503278,0,0,mundane,casual
GME,2025-12-26,-2.043665,0.578356,1,0,39.760065,0,0,mundane,casual
GME,2025-12-29,-2.655282,0.914870,2,0,41.359605,0,0,mundane,casual
GME,2025-12-30,-0.146132,0.711179,3,0,41.445298,0,0,mundane,casual
GME,2025-12-31,-2.048780,1.026103,4,0,42.644955,0,0,losing_streak,desperate
GME,2026-01-02,2.689248,0.737143,0,1,41.102536,0,0,mundane,casual
GME,2026-01-05,0.484956,1.312106,0,2,40.816909,0,0,mundane,casual
GME,2026-01-06,-0.289570,0.579843,1,0,40.988286,0,0,mundane,casual
GME,2026-01-07,3.049376,1.853747,0,1,39.188797,0,0,mundane,casual
GME,2026-01-08,0.610611,0.685676,0,2,38.817477,0,0,mundane,casual
GME,2026-01-09,-0.887021,0.871917,1,0,39.360179,0,0,mundane,casual
GME,2026-01-12,-1.177579,0.654002,2,0,40.074261,0,0,mundane,casual
GME,2026-01-13,0.190658,0.763877,0,1,39.960008,0,0,mundane,casual
GME,2026-01-14,0.000000,0.771237,0,0,39.960008,0,0,mundane,casual
GME,2026-01-15,1.617512,0.972275,0,1,38.988854,0,0,mundane,casual
GME,2026-01-16,-1.217233,0.718775,1,0,39.731502,0,0,mundane,casual
GME,2026-01-20,0.000000,1.346069,0,0,39.731502,0,0,mundane,casual
GME,2026-01-21,2.796213,1.614205,0,1,38.046266,0,0,mundane,casual
GME,2026-01-22,6.685099,3.012417,0,2,33.904598,0,0,big_gain,manic
GME,2026-01-23,-0.648224,1.816380,1,0,34.333044,0,0,mundane,casual
GME,2026-01-26,4.436712,6.243987,0,1,31.419590,0,0,volume_spike,attention
GME,2026-01-27,0.832982,2.134483,0,2,30.848328,0,0,volume_spike,attention
GME,2026-01-28,-2.354399,1.011643,1,0,32.476434,0,0,mundane,casual
GME,2026-01-29,-3.510998,0.884470,2,0,34.847186,0,0,mundane,casual
GME,2026-01-30,4.690925,1.922248,0,1,31.790916,0,0,mundane,casual
GME,2026-02-02,8.249586,2.662292,0,2,26.163949,0,0,big_gain,manic
GME,2026-02-03,-5.145068,1.556015,1,0,29.962864,0,0,big_drop,anxious
GME,2026-02-04,1.876020,0.921450,0,1,28.648953,0,0,mundane,casual
GME,2026-02-05,-1.160925,0.928960,1,0,29.477285,0,0,mundane,casual
GME,2026-02-06,1.174561,0.918983,0,1,28.648953,0,0,mundane,casual
GME,2026-02-09,-1.361093,0.475719,1,0,29.620107,0,0,mundane,casual
GME,2026-02-10,0.730524,0.516923,0,1,29.105966,0,0,mundane,casual
GME,2026-02-11,-2.457699,0.419870,1,0,30.848328,0,0,mundane,casual
GME,2026-02-12,-2.850058,0.588485,2,0,32.819191,0,0,mundane,casual
GME,2026-02-13,0.212585,0.551177,0,1,32.676374,0,0,mundane,casual
GME,2026-02-17,-1.315231,0.375473,1,0,33.561836,0,0,mundane,casual
GME,2026-02-18,2.622532,0.432282,0,1,31.819473,0,0,mundane,casual
GME,2026-02-19,0.125677,0.315505,0,2,31.733786,0,0,mundane,casual
GME,2026-02-20,-1.966527,0.370396,1,0,33.076260,0,0,mundane,casual
GME,2026-02-23,0.896283,0.530996,0,1,32.476434,0,0,mundane,casual
GME,2026-02-24,0.549920,0.523479,0,2,32.105109,0,0,mundane,casual
GME,2026-02-25,1.893138,0.516476,0,3,30.819765,0,0,mundane,casual
GME,2026-02-26,-0.495454,0.615121,1,0,31.162521,0,0,mundane,casual
GME,2026-02-27,-0.290452,0.537487,2,0,31.362461,0,0,mundane,casual
GME,2026-03-02,0.707449,0.584143,0,1,30.876886,0,0,mundane,casual
GME,2026-03-03,-1.570252,0.564488,1,0,31.962293,0,0,mundane,casual
GME,2026-03-04,0.209912,0.554453,0,1,31.819473,0,0,mundane,casual
GME,2026-03-05,0.041885,0.933136,0,2,31.790916,0,0,mundane,casual
GME,2026-03-06,2.051935,1.070347,0,3,30.391310,0,0,mundane,casual
GME,2026-03-09,1.764456,1.379831,0,4,29.163095,0,0,winning_streak,smug
GME,2026-03-10,-1.733863,1.011613,1,0,30.391310,0,0,mundane,casual
GME,2026-03-11,0.369298,1.015062,0,1,30.134246,0,0,mundane,casual
GME,2026-03-12,-0.122645,1.031305,1,0,30.219933,0,0,mundane,casual
GME,2026-03-13,-3.683991,1.263157,2,0,32.790625,0,0,mundane,casual
GME,2026-03-16,-1.062473,1.214365,3,0,33.504706,0,0,mundane,casual
GME,2026-03-17,1.331611,0.610539,0,1,32.619248,0,0,mundane,casual
GME,2026-03-18,-0.974985,0.617761,1,0,33.276200,0,0,mundane,casual
GME,2026-03-19,-0.556511,1.063898,2,0,33.647525,0,0,mundane,casual
GME,2026-03-20,-2.841154,1.428786,3,0,35.532701,0,0,mundane,casual
GME,2026-03-23,2.038108,1.023584,0,1,34.218788,0,0,mundane,casual
GME,2026-03-24,-0.955284,1.590224,1,0,34.847186,0,0,mundane,casual
GME,2026-03-25,1.183696,1.505086,0,1,34.075975,0,0,mundane,casual
GME,2026-03-26,-2.253037,1.283669,1,0,35.561267,0,0,mundane,casual
GME,2026-03-27,-2.039003,0.926386,2,0,36.875175,0,0,mundane,casual
GME,2026-03-30,0.769231,1.207598,0,1,36.389599,0,0,mundane,casual
GME,2026-03-31,3.457571,1.502957,0,2,34.190225,0,0,mundane,casual
GME,2026-04-01,-1.215282,0.758400,1,0,34.989999,0,0,mundane,casual
GME,2026-04-02,2.636208,0.656580,0,1,33.276200,0,0,mundane,casual
GME,2026-04-06,-1.198634,0.631053,1,0,34.075975,0,0,mundane,casual
GME,2026-04-07,1.516464,1.874351,0,1,33.076260,0,0,mundane,casual
GME,2026-04-08,-2.219377,1.157556,1,0,34.561550,0,0,mundane,casual
GME,2026-04-09,-0.174592,0.532016,2,0,34.675800,0,0,mundane,casual
GME,2026-04-10,1.530380,1.001544,0,1,33.676092,0,0,mundane,casual
GME,2026-04-13,0.775198,0.938096,0,2,33.161950,0,0,mundane,casual
GME,2026-04-14,2.692312,1.796233,0,3,31.362461,0,0,mundane,casual
GME,2026-04-15,3.162713,1.932062,0,4,29.191653,0,0,winning_streak,smug
GME,2026-04-16,1.573211,1.650341,0,5,28.077688,0,0,mundane,casual
GME,2026-04-17,-2.501990,1.188708,1,0,29.877177,0,0,mundane,casual
GME,2026-04-20,1.507132,0.883934,0,1,28.820333,0,0,mundane,casual
GME,2026-04-21,-1.845911,0.928754,1,0,30.134246,0,0,mundane,casual
GME,2026-04-22,4.905973,1.371477,0,1,26.706651,0,0,mundane,casual
GME,2026-04-23,-2.533125,1.206399,1,0,28.563264,0,0,mundane,casual
GME,2026-04-24,-0.239900,0.720545,2,0,28.734640,0,0,mundane,casual
GME,2026-04-27,1.843683,0.886994,0,1,27.420733,0,0,mundane,casual
GME,2026-04-28,-1.259347,0.607904,1,0,28.334757,0,0,mundane,casual
GME,2026-04-29,-2.271821,1.010022,2,0,29.962864,0,0,mundane,casual
GME,2026-04-30,1.753675,0.647955,0,1,28.734640,0,0,mundane,casual
GME,2026-05-01,6.332665,2.924120,0,2,24.221644,0,0,big_gain,manic
GME,2026-05-04,-10.139468,5.178602,1,0,31.905166,0,0,big_drop,anxious
GME,2026-05-05,1.635906,1.875903,0,1,30.791199,0,0,mundane,casual
GME,2026-05-06,3.879488,1.166474,0,2,28.106251,0,0,mundane,casual
GME,2026-05-07,-4.767584,0.862921,1,0,31.533846,0,0,mundane,casual
GME,2026-05-08,1.293292,0.568891,0,1,30.648379,0,0,mundane,casual
GME,2026-05-11,-4.571668,1.709896,1,0,33.818905,0,0,mundane,casual
GME,2026-05-12,-3.452736,1.075620,2,0,36.103964,0,0,mundane,casual
GME,2026-05-13,-1.296383,0.658618,3,0,36.932301,0,0,mundane,casual
GME,2026-05-14,-2.128619,0.517023,4,0,38.274772,0,0,losing_streak,desperate
GME,2026-05-15,-0.092554,0.499618,5,0,38.331902,0,0,mundane,casual
GME,2026-05-18,1.482168,0.498132,0,1,37.417877,0,0,mundane,casual
GME,2026-05-19,0.867184,0.421668,0,2,36.875175,0,0,mundane,casual
GME,2026-05-20,2.036195,0.607737,0,3,35.589831,0,0,mundane,casual
GME,2026-05-21,-0.266071,0.306980,1,0,35.761207,0,0,mundane,casual
GME,2026-05-22,-2.356607,0.529328,2,0,37.275064,0,0,mundane,casual
GME,2026-05-26,-0.227682,0.588675,3,0,37.417877,0,0,mundane,casual
GME,2026-05-27,-1.049749,0.421015,4,0,38.074832,0,0,losing_streak,desperate
GME,2026-05-28,0.000000,0.322923,0,0,30.535083,0,0,mundane,casual
GME,2026-05-29,-2.306273,0.664484,1,0,30.874671,0,0,mundane,casual
GME,2026-06-01,0.849863,0.686451,0,1,30.287201,0,0,mundane,casual
GME,2026-06-02,-2.059930,0.655881,1,0,31.723235,0,0,mundane,casual
GME,2026-06-03,6.022945,2.391515,0,1,26.895188,0,0,big_gain,manic
GME,2026-06-04,0.405771,0.912386,0,2,26.598550,0,0,mundane,casual
GME,2026-06-05,-2.110467,0.888708,1,0,28.147663,0,0,mundane,casual
GME,2026-06-08,2.110096,0.718865,0,1,26.631510,0,0,mundane,casual
GME,2026-06-09,0.089852,0.803820,0,2,26.565587,0,0,mundane,casual
GME,2026-06-10,0.628362,0.684843,0,3,25.638474,0,0,mundane,casual
GME,2026-06-11,-1.070473,0.988014,1,0,22.311731,0,0,mundane,casual
GME,2026-06-12,-1.848512,0.885127,2,0,21.379562,0,0,mundane,casual
GME,2026-06-15,-0.137804,0.793410,3,0,21.487905,0,0,mundane,casual
GME,2026-06-16,-1.287953,1.067295,4,0,22.499104,0,0,losing_streak,desperate
GME,2026-06-17,0.232996,0.776214,0,1,22.318529,0,0,mundane,casual
GME,2026-06-18,0.046490,1.526000,0,2,22.282415,0,0,mundane,casual
GME,2026-06-22,-1.765804,1.030125,1,0,23.654755,0,0,mundane,casual
GME,2026-06-23,-0.283817,0.630559,2,0,23.871436,0,0,mundane,casual
GME,2026-06-24,1.707785,0.533770,0,1,22.571325,0,0,mundane,casual
GME,2026-06-25,-2.005602,0.620385,1,0,24.124235,0,0,mundane,casual
GME,2026-06-26,3.569729,0.928930,0,1,21.415676,0,0,mundane,casual
GME,2026-06-29,1.240813,0.648212,0,2,20.440592,0,0,mundane,casual
GME,2026-06-30,0.226959,0.709627,0,3,20.260025,0,0,mundane,casual
GME,2026-07-01,2.536227,0.743277,0,4,18.237637,0,0,winning_streak,smug
GME,2026-07-02,0.795057,0.769497,0,5,17.587580,0,0,mundane,casual
GME,2026-07-06,-0.262927,0.774729,1,0,17.804264,0,0,mundane,casual
GME,2026-07-07,-2.460453,0.923588,2,0,19.826652,0,0,mundane,casual
GME,2026-07-08,-2.252252,0.727616,3,0,21.632357,0,0,mundane,casual
GME,2026-07-09,1.152074,0.526406,0,1,20.729504,0,0,mundane,casual
GME,2026-07-10,-1.230073,0.381978,1,0,21.704589,0,0,mundane,casual
GME,2026-07-13,1.614396,0.620089,0,1,20.440592,0,0,mundane,casual
GME,2026-07-14,1.815701,0.611629,0,2,18.996030,0,0,mundane,casual
GME,2026-07-15,-0.757914,0.579012,1,0,19.609970,0,0,mundane,casual
GME,2026-07-16,-1.527403,0.815656,2,0,20.837850,0,0,mundane,casual
GME,2026-07-17,-0.136866,0.629351,3,0,20.946196,0,0,mundane,casual
GME,2026-07-20,-0.593874,0.964694,4,0,21.415676,0,0,losing_streak,desperate
GME,2026-07-21,0.137872,0.767008,0,1,21.307330,0,0,mundane,casual
GME,2026-07-22,-0.871964,0.873800,1,0,21.993502,0,0,mundane,casual
GME,2026-07-23,-1.157407,1.026752,2,0,22.896355,0,0,mundane,casual
GME,2026-07-24,-0.843091,0.714549,3,0,23.546409,0,0,mundane,casual
GME,2026-07-27,1.653283,1.101576,0,1,22.282415,0,0,mundane,casual
GME,2026-07-28,2.973978,1.148660,0,2,19.971112,0,0,mundane,casual
GME,2026-07-29,-1.444043,0.765160,1,0,21.126763,0,0,mundane,casual
GME,2026-07-30,0.183146,0.700284,0,1,20.982311,0,0,mundane,casual
GME,2026-07-31,-0.731261,0.770954,1,0,21.560136,0,0,mundane,casual
GME,2026-08-03,-12.246778,13.235773,2,0,31.166492,0,1,new_52w_low,despondent
GME,2026-08-04,0.786988,2.153229,0,1,30.624780,0,0,volume_spike,attention
GME,2026-08-05,-1.041119,1.566028,1,0,31.347059,0,1,new_52w_low,despondent
GME,2026-08-06,1.157286,1.320137,0,1,30.552549,0,0,mundane,casual
GME,2026-08-07,-0.364015,0.820763,1,0,30.805347,0,0,mundane,casual
GME,2026-08-10,-1.931101,1.446752,2,0,32.141566,0,1,new_52w_low,despondent
GME,2026-08-11,0.159654,0.850567,0,1,32.033227,0,0,mundane,casual
GME,2026-08-12,-1.487774,0.811097,1,0,33.044419,0,1,new_52w_low,despondent
GME,2026-08-13,0.161807,0.826834,0,1,32.936080,0,0,mundane,casual
GME,2026-08-14,0.484653,0.642688,0,2,32.611053,0,0,mundane,casual
GME,2026-08-17,-1.393355,0.859680,1,0,33.550020,0,1,new_52w_low,despondent
GME,2026-08-18,-2.445647,0.835421,2,0,35.175152,0,1,new_52w_low,despondent
GME,2026-08-19,0.445682,0.708867,0,1,34.886239,0,0,mundane,casual
GME,2026-08-20,0.055463,0.707761,0,2,34.850125,0,0,mundane,casual
GME,2026-08-21,0.942339,0.757232,0,3,34.236192,0,0,mundane,casual
GME,2026-08-24,-0.933542,0.698435,1,0,34.850125,0,0,mundane,casual
GME,2026-08-25,0.277156,0.771425,0,1,34.669558,0,0,mundane,casual
GME,2026-08-26,-0.663355,0.627169,1,0,35.102931,0,0,mundane,casual
GME,2026-08-27,1.558158,0.984899,0,1,34.091732,0,0,mundane,casual
GME,2026-08-28,-2.082186,0.591500,1,0,35.464065,0,1,new_52w_low,despondent
GME,2026-08-31,2.853934,1.409842,0,1,33.622252,0,0,mundane,casual
GME,2026-09-01,2.339500,1.887660,0,2,32.069345,0,0,mundane,casual
GME,2026-09-02,0.850611,0.747240,0,3,31.491519,0,0,mundane,casual
BTC-USD,2025-08-24,-1.660593,1.116623,2,0,8.014681,0,0,mundane,casual
BTC-USD,2025-08-25,-2.938590,1.257700,3,0,10.717752,0,0,mundane,casual
BTC-USD,2025-08-26,1.524009,1.000249,0,1,9.357083,0,0,mundane,casual
BTC-USD,2025-08-27,-0.519302,0.887293,1,0,9.827794,0,0,mundane,casual
BTC-USD,2025-08-28,1.189280,0.841650,0,1,8.755393,0,0,mundane,casual
BTC-USD,2025-08-29,-3.673176,1.113774,1,0,12.106968,0,0,mundane,casual
BTC-USD,2025-08-30,0.366416,0.724307,0,1,11.784914,0,0,mundane,casual
BTC-USD,2025-08-31,-0.525108,0.681428,1,0,12.248138,0,0,mundane,casual
BTC-USD,2025-09-01,0.936727,0.979170,0,1,11.426143,0,0,mundane,casual
BTC-USD,2025-09-02,1.784880,1.099722,0,2,9.845206,0,0,mundane,casual
BTC-USD,2025-09-03,0.469984,0.909656,0,3,9.421492,0,0,mundane,casual
BTC-USD,2025-09-04,-0.894720,0.924482,1,0,10.231916,0,0,mundane,casual
BTC-USD,2025-09-05,-0.065584,0.932297,2,0,10.290790,0,0,mundane,casual
BTC-USD,2025-09-06,-0.385256,0.329631,3,0,10.636399,0,0,mundane,casual
BTC-USD,2025-09-07,0.855454,0.384602,0,1,9.871935,0,0,mundane,casual
BTC-USD,2025-09-08,0.813018,0.652800,0,2,9.139178,0,0,mundane,casual
BTC-USD,2025-09-09,-0.482623,0.766047,1,0,9.577693,0,0,mundane,casual
BTC-USD,2025-09-10,2.174124,0.956721,0,1,7.611800,0,0,mundane,casual
BTC-USD,2025-09-11,1.362095,0.776220,0,2,6.353385,0,0,mundane,casual
BTC-USD,2025-09-12,0.514286,0.960923,0,3,5.871774,0,0,mundane,casual
BTC-USD,2025-09-13,-0.130119,0.606300,1,0,5.994253,0,0,mundane,casual
BTC-USD,2025-09-14,-0.468175,0.596182,2,0,6.434364,0,0,mundane,casual
BTC-USD,2025-09-15,0.032250,1.010881,0,1,6.404190,0,0,mundane,casual
BTC-USD,2025-09-16,1.211238,0.888188,0,2,5.270521,0,0,mundane,casual
BTC-USD,2025-09-17,-0.320669,1.193203,1,0,5.574289,0,0,mundane,casual
BTC-USD,2025-09-18,0.574143,0.973362,0,1,5.032151,0,0,mundane,casual
BTC-USD,2025-09-19,-1.236451,0.786138,1,0,6.206382,0,0,mundane,casual
BTC-USD,2025-09-20,0.028613,0.468932,0,1,6.179545,0,0,mundane,casual
BTC-USD,2025-09-21,-0.359368,0.473572,1,0,6.516705,0,0,mundane,casual
BTC-USD,2025-09-22,-2.218084,1.560917,2,0,8.590243,0,0,mundane,casual
BTC-USD,2025-09-23,-0.651013,1.047311,3,0,9.185333,0,0,mundane,casual
BTC-USD,2025-09-24,1.173181,1.082483,0,1,8.119912,0,0,mundane,casual
BTC-USD,2025-09-25,-3.776048,1.725210,1,0,11.589349,0,0,mundane,casual
BTC-USD,2025-09-26,0.608476,1.296216,0,1,11.051391,0,0,mundane,casual
BTC-USD,2025-09-27,-0.028149,0.567527,1,0,11.076429,0,0,mundane,casual
BTC-USD,2025-09-28,2.225248,0.718582,0,1,9.097659,0,0,mundane,casual
BTC-USD,2025-09-29,2.031474,1.301577,0,2,7.251001,0,0,mundane,casual
BTC-USD,2025-09-30,-0.300958,1.260424,1,0,7.530137,0,0,mundane,casual
BTC-USD,2025-10-01,4.026829,1.519919,0,1,3.806533,0,0,mundane,casual
BTC-USD,2025-10-02,1.712892,1.481291,0,2,2.158843,0,0,mundane,casual
BTC-USD,2025-10-03,1.313604,1.711591,0,3,0.873598,0,0,mundane,casual
BTC-USD,2025-10-04,0.129961,0.713791,0,4,0.744773,0,0,winning_streak,smug
BTC-USD,2025-10-05,0.888743,1.425020,0,5,0.000000,1,0,new_52w_high,euphoric
BTC-USD,2025-10-06,1.003174,1.375749,0,6,0.000000,1,0,new_52w_high,euphoric
BTC-USD,2025-10-07,-2.646157,1.407880,1,0,2.646157,0,0,mundane,casual
BTC-USD,2025-10-08,1.567281,1.191096,0,1,1.120349,0,0,mundane,casual
BTC-USD,2025-10-09,-1.337022,1.341138,1,0,2.442392,0,0,mundane,casual
BTC-USD,2025-10-10,-6.976852,2.665123,2,0,9.248842,0,0,big_drop,anxious
BTC-USD,2025-10-11,-2.125600,1.723309,3,0,11.177848,0,0,mundane,casual
BTC-USD,2025-10-12,3.936437,1.370933,0,1,7.681420,0,0,mundane,casual
BTC-USD,2025-10-13,0.087968,1.029860,0,2,7.600209,0,0,mundane,casual
BTC-USD,2025-10-14,-1.867263,1.303823,1,0,9.325556,0,0,mundane,casual
BTC-USD,2025-10-15,-2.064646,0.995073,2,0,11.197662,0,0,mundane,casual
BTC-USD,2025-10-16,-2.344332,1.199499,3,0,13.279484,0,0,mundane,casual
BTC-USD,2025-10-17,-1.588236,1.342546,4,0,14.656811,0,0,losing_streak,desperate
BTC-USD,2025-10-18,0.686101,0.484769,0,1,14.071270,0,0,mundane,casual
BTC-USD,2025-10-19,1.369841,0.609781,0,2,12.894184,0,0,mundane,casual
BTC-USD,2025-10-20,1.768912,0.819063,0,3,11.353358,0,0,mundane,casual
BTC-USD,2025-10-21,-1.909811,1.301314,1,0,13.046341,0,0,mundane,casual
BTC-USD,2025-10-22,-0.726703,1.019563,2,0,13.678236,0,0,mundane,casual
BTC-USD,2025-10-23,2.211136,0.689160,0,1,11.769545,0,0,mundane,casual
BTC-USD,2025-10-24,0.875986,0.615267,0,2,10.996658,0,0,mundane,casual
BTC-USD,2025-10-25,0.547405,0.313367,0,3,10.509450,0,0,mundane,casual
BTC-USD,2025-10-26,2.535538,0.545946,0,4,8.240383,0,0,winning_streak,smug
BTC-USD,2025-10-27,-0.308474,0.825094,1,0,8.523437,0,0,mundane,casual
BTC-USD,2025-10-28,-1.019252,0.870421,2,0,9.455814,0,0,mundane,casual
BTC-USD,2025-10-29,-2.568128,0.839378,3,0,11.781105,0,0,mundane,casual
BTC-USD,2025-10-30,-1.589890,0.948332,4,0,13.183688,0,0,losing_streak,desperate
BTC-USD,2025-10-31,1.154712,0.867137,0,1,12.181209,0,0,mundane,casual
BTC-USD,2025-11-01,0.463554,0.387358,0,2,11.774122,0,0,mundane,casual
BTC-USD,2025-11-02,0.522977,0.540776,0,3,11.312721,0,0,mundane,casual
BTC-USD,2025-11-03,-3.698586,1.183945,1,0,14.592897,0,0,mundane,casual
BTC-USD,2025-11-04,-4.652384,1.832193,2,0,18.566363,0,0,mundane,casual
BTC-USD,2025-11-05,2.265283,1.241659,0,1,16.721661,0,0,mundane,casual
BTC-USD,2025-11-06,-2.493504,1.031193,1,0,18.798210,0,0,mundane,casual
BTC-USD,2025-11-07,2.044512,1.530769,0,1,17.138029,0,0,mundane,casual
BTC-USD,2025-11-08,-1.054720,0.817526,1,0,18.011990,0,0,mundane,casual
BTC-USD,2025-11-09,2.383137,0.945501,0,1,16.058104,0,0,mundane,casual
BTC-USD,2025-11-10,1.219402,1.105806,0,2,15.034515,0,0,mundane,casual
BTC-USD,2025-11-11,-2.829454,1.159465,1,0,17.438574,0,0,mundane,casual
BTC-USD,2025-11-12,-1.295451,1.057238,2,0,18.508116,0,0,mundane,casual
BTC-USD,2025-11-13,-1.933537,1.655646,3,0,20.083792,0,0,mundane,casual
BTC-USD,2025-11-14,-5.315784,1.786581,4,0,24.331965,0,0,big_drop,anxious
BTC-USD,2025-11-15,1.219689,0.562178,0,1,23.409050,0,0,mundane,casual
BTC-USD,2025-11-16,-1.435984,1.040421,1,0,24.508884,0,0,mundane,casual
BTC-USD,2025-11-17,-2.212007,1.369170,2,0,26.178752,0,0,mundane,casual
BTC-USD,2025-11-18,0.928401,1.441986,0,1,25.493396,0,0,mundane,casual
BTC-USD,2025-11-19,-1.595375,1.112413,1,0,26.682055,0,0,mundane,casual
BTC-USD,2025-11-20,-5.285127,1.346407,2,0,30.557001,0,0,big_drop,anxious
BTC-USD,2025-11-21,-1.779034,1.729976,3,0,31.792416,0,0,mundane,casual
BTC-USD,2025-11-22,-0.519831,0.511045,4,0,32.146980,0,0,losing_streak,desperate
BTC-USD,2025-11-23,2.547773,0.724700,0,1,30.418239,0,0,mundane,casual
BTC-USD,2025-11-24,1.688330,0.937338,0,2,29.243470,0,0,mundane,casual
BTC-USD,2025-11-25,-1.052074,0.835714,1,0,29.987881,0,0,mundane,casual
BTC-USD,2025-11-26,3.636831,0.864197,0,1,27.441659,0,0,mundane,casual
BTC-USD,2025-11-27,0.847350,0.740076,0,2,26.826835,0,0,mundane,casual
BTC-USD,2025-11-28,-0.401060,0.808520,1,0,27.120304,0,0,mundane,casual
BTC-USD,2025-11-29,-0.074250,0.500353,2,0,27.174417,0,0,mundane,casual
BTC-USD,2025-11-30,-0.503507,0.515352,3,0,27.541099,0,0,mundane,casual
BTC-USD,2025-12-01,-4.505529,1.202537,4,0,30.805756,0,0,losing_streak,desperate
BTC-USD,2025-12-02,5.825465,1.061595,0,1,26.774870,0,0,big_gain,manic
BTC-USD,2025-12-03,2.383795,1.039502,0,2,25.029333,0,0,mundane,casual
BTC-USD,2025-12-04,-1.482104,0.878019,1,0,26.140477,0,0,mundane,casual
BTC-USD,2025-12-05,-2.988733,0.890757,2,0,28.347941,0,0,mundane,casual
BTC-USD,2025-12-06,-0.129081,0.525855,3,0,28.440430,0,0,mundane,casual
BTC-USD,2025-12-07,1.269447,0.671341,0,1,27.532019,0,0,mundane,casual
BTC-USD,2025-12-08,0.259456,0.840843,0,2,27.343997,0,0,mundane,casual
BTC-USD,2025-12-09,2.263353,1.012124,0,3,25.699535,0,0,mundane,casual
BTC-USD,2025-12-10,-0.723652,1.000525,1,0,26.237212,0,0,mundane,casual
BTC-USD,2025-12-11,0.532912,1.012139,0,1,25.844121,0,0,mundane,casual
BTC-USD,2025-12-12,-2.422321,1.326268,1,0,27.640415,0,0,mundane,casual
BTC-USD,2025-12-13,0.031347,1.027774,0,1,27.617732,0,0,mundane,casual
BTC-USD,2025-12-14,-2.351674,0.803477,1,0,29.319927,0,0,mundane,casual
BTC-USD,2025-12-15,-1.990808,0.739469,2,0,30.727032,0,0,mundane,casual
BTC-USD,2025-12-16,1.648006,0.680364,0,1,29.585409,0,0,mundane,casual
BTC-USD,2025-12-17,-1.935507,0.745020,1,0,30.948289,0,0,mundane,casual
BTC-USD,2025-12-18,-0.790829,0.896528,2,0,31.494370,0,0,mundane,casual
BTC-USD,2025-12-19,3.090098,0.801130,0,1,29.377479,0,0,mundane,casual
BTC-USD,2025-12-20,0.273108,0.249906,0,2,29.184603,0,0,mundane,casual
BTC-USD,2025-12-21,0.314396,0.344634,0,3,28.961962,0,0,mundane,casual
BTC-USD,2025-12-22,-0.148648,0.702262,1,0,29.067559,0,0,mundane,casual
BTC-USD,2025-12-23,-1.215974,0.837586,2,0,29.930079,0,0,mundane,casual
BTC-USD,2025-12-24,0.226464,0.506397,0,1,29.771396,0,0,mundane,casual
BTC-USD,2025-12-25,-0.430556,0.411358,1,0,30.073770,0,0,mundane,casual
BTC-USD,2025-12-26,0.076446,0.916167,0,1,30.020314,0,0,mundane,casual
BTC-USD,2025-12-27,0.573561,0.295106,0,2,29.618938,0,0,mundane,casual
BTC-USD,2025-12-28,0.038359,0.337706,0,3,29.591941,0,0,mundane,casual
BTC-USD,2025-12-29,-0.794317,1.131931,1,0,30.151204,0,0,mundane,casual
BTC-USD,2025-12-30,1.482694,0.850401,0,1,29.115560,0,0,mundane,casual
BTC-USD,2025-12-31,-1.041845,0.838318,1,0,29.854066,0,0,mundane,casual
BTC-USD,2026-01-01,1.397752,0.485553,0,1,28.873600,0,0,mundane,casual
BTC-USD,2026-01-02,1.366712,1.297930,0,2,27.901507,0,0,mundane,casual
BTC-USD,2026-01-03,0.732108,0.596011,0,3,27.373668,0,0,mundane,casual
BTC-USD,2026-01-04,0.894345,0.802187,0,4,26.724138,0,0,winning_streak,smug
BTC-USD,2026-01-05,2.700983,1.645773,0,5,24.744970,0,0,mundane,casual
BTC-USD,2026-01-06,-0.163527,1.586972,1,0,24.868032,0,0,mundane,casual
BTC-USD,2026-01-07,-2.582953,1.299388,2,0,26.808656,0,0,mundane,casual
BTC-USD,2026-01-08,-0.307672,1.284943,3,0,27.033845,0,0,mundane,casual
BTC-USD,2026-01-09,-0.564693,1.168936,4,0,27.445880,0,0,losing_streak,desperate
BTC-USD,2026-01-10,-0.139707,0.364819,5,0,27.547243,0,0,mundane,casual
BTC-USD,2026-01-11,0.487696,0.511218,0,1,27.193893,0,0,mundane,casual
BTC-USD,2026-01-12,0.402446,1.270876,0,2,26.900888,0,0,mundane,casual
BTC-USD,2026-01-13,4.527529,1.696052,0,3,23.591305,0,0,mundane,casual
BTC-USD,2026-01-14,1.686442,1.788002,0,4,22.302716,0,0,winning_streak,smug
BTC-USD,2026-01-15,-1.421799,1.477892,1,0,23.407416,0,0,mundane,casual
BTC-USD,2026-01-16,-0.027284,0.912112,2,0,23.428313,0,0,mundane,casual
BTC-USD,2026-01-17,-0.445114,0.428077,3,0,23.769144,0,0,mundane,casual
BTC-USD,2026-01-18,-1.541003,0.555365,4,0,24.943864,0,0,losing_streak,desperate
BTC-USD,2026-01-19,-1.154315,1.086030,5,0,25.810248,0,0,mundane,casual
BTC-USD,2026-01-20,-4.584033,1.463241,6,0,29.211131,0,0,losing_streak,desperate
BTC-USD,2026-01-21,1.207161,1.512918,0,1,28.356595,0,0,mundane,casual
BTC-USD,2026-01-22,0.095653,0.909036,0,2,28.288066,0,0,mundane,casual
BTC-USD,2026-01-23,0.046301,1.011228,0,3,28.254863,0,0,mundane,casual
BTC-USD,2026-01-24,-0.439244,0.368801,1,0,28.569999,0,0,mundane,casual
BTC-USD,2026-01-25,-2.848720,0.929496,2,0,30.604840,0,0,mundane,casual
BTC-USD,2026-01-26,1.957813,1.192796,0,1,29.246213,0,0,mundane,casual
BTC-USD,2026-01-27,0.946479,1.029151,0,2,28.576543,0,0,mundane,casual
BTC-USD,2026-01-28,0.092029,1.064038,0,3,28.510813,0,0,mundane,casual
BTC-USD,2026-01-29,-5.183615,1.734131,1,0,32.216537,0,0,big_drop,anxious
BTC-USD,2026-01-30,-0.511970,1.867453,2,0,32.563568,0,0,mundane,casual
BTC-USD,2026-01-31,-6.546567,1.694826,3,0,36.978339,0,0,big_drop,anxious
BTC-USD,2026-02-01,-2.094440,1.206141,4,0,38.298290,0,0,losing_streak,desperate
BTC-USD,2026-02-02,2.227129,1.675302,0,1,36.924113,0,0,mundane,casual
BTC-USD,2026-02-03,-3.882662,1.488207,1,0,39.373136,0,1,new_52w_low,despondent
BTC-USD,2026-02-04,-3.455932,1.453532,2,0,41.468359,0,1,new_52w_low,despondent
BTC-USD,2026-02-05,-14.129892,2.673301,3,0,49.738817,0,1,new_52w_low,despondent
BTC-USD,2026-02-06,12.524769,2.223995,0,1,43.443720,0,0,big_gain,manic
BTC-USD,2026-02-07,-1.804854,1.103588,1,0,44.464479,0,0,mundane,casual
BTC-USD,2026-02-08,1.418490,0.678172,0,1,43.676713,0,0,mundane,casual
BTC-USD,2026-02-09,-0.204861,0.888793,1,0,43.792097,0,0,mundane,casual
BTC-USD,2026-02-10,-1.892193,0.693323,2,0,44.855659,0,0,mundane,casual
BTC-USD,2026-02-11,-2.619405,0.859946,3,0,46.300113,0,0,mundane,casual
BTC-USD,2026-02-12,-1.149578,0.763687,4,0,46.917435,0,0,losing_streak,desperate
BTC-USD,2026-02-13,3.980560,0.694816,0,1,44.804452,0,0,mundane,casual
BTC-USD,2026-02-14,1.321246,0.599571,0,2,44.075183,0,0,mundane,casual
BTC-USD,2026-02-15,-1.403857,0.669206,1,0,44.860287,0,0,mundane,casual
BTC-USD,2026-02-16,0.079910,0.562167,0,1,44.816225,0,0,mundane,casual
BTC-USD,2026-02-17,-1.959436,0.585559,1,0,45.897516,0,0,mundane,casual
BTC-USD,2026-02-18,-1.583689,0.558105,2,0,46.754331,0,0,mundane,casual
BTC-USD,2026-02-19,0.801205,0.545619,0,1,46.327724,0,0,mundane,casual
BTC-USD,2026-02-20,1.565020,0.853074,0,2,45.487742,0,0,mundane,casual
BTC-USD,2026-02-21,-0.002435,0.336580,1,0,45.489069,0,0,mundane,casual
BTC-USD,2026-02-22,-0.506406,0.338951,2,0,45.765116,0,0,mundane,casual
BTC-USD,2026-02-23,-4.497014,1.020528,3,0,48.204066,0,0,mundane,casual
BTC-USD,2026-02-24,-0.830582,0.832577,4,0,48.634274,0,0,losing_streak,desperate
BTC-USD,2026-02-25,6.055055,1.123233,0,1,45.524051,0,0,big_gain,manic
BTC-USD,2026-02-26,-0.745072,0.973663,1,0,45.929936,0,0,mundane,casual
BTC-USD,2026-02-27,-2.330450,0.993012,2,0,47.190012,0,0,mundane,casual
BTC-USD,2026-02-28,1.691002,1.065313,0,1,46.296994,0,0,mundane,casual
BTC-USD,2026-03-01,-1.877366,1.029136,1,0,47.305196,0,0,mundane,casual
BTC-USD,2026-03-02,4.620988,1.453330,0,1,44.870175,0,0,mundane,casual
BTC-USD,2026-03-03,-0.701123,1.204185,1,0,45.256703,0,0,mundane,casual
BTC-USD,2026-03-04,6.467556,1.889507,0,1,41.716150,0,0,big_gain,manic
BTC-USD,2026-03-05,-2.571088,1.240473,1,0,43.214679,0,0,mundane,casual
BTC-USD,2026-03-06,-3.817885,1.048041,2,0,45.382678,0,0,mundane,casual
BTC-USD,2026-03-07,-1.267894,0.551696,3,0,46.075167,0,0,mundane,casual
BTC-USD,2026-03-08,-1.936617,0.803523,4,0,47.119485,0,0,losing_streak,desperate
BTC-USD,2026-03-09,3.687448,1.198813,0,1,45.169543,0,0,mundane,casual
BTC-USD,2026-03-10,2.228781,1.285124,0,2,43.947493,0,0,mundane,casual
BTC-USD,2026-03-11,0.397502,1.050362,0,3,43.724683,0,0,mundane,casual
BTC-USD,2026-03-12,0.411051,0.934105,0,4,43.493362,0,0,winning_streak,smug
BTC-USD,2026-03-13,0.673544,1.408628,0,5,43.112765,0,0,mundane,casual
BTC-USD,2026-03-14,0.347140,0.489063,0,6,42.915287,0,0,winning_streak,smug
BTC-USD,2026-03-15,2.212030,0.611387,0,7,41.652555,0,0,mundane,casual
BTC-USD,2026-03-16,2.845411,1.245038,0,8,39.992331,0,0,winning_streak,smug
BTC-USD,2026-03-17,-1.253801,1.091014,1,0,40.744708,0,0,mundane,casual
BTC-USD,2026-03-18,-3.621224,1.023561,2,0,42.890475,0,0,mundane,casual
BTC-USD,2026-03-19,-1.870697,0.984657,3,0,43.958821,0,0,mundane,casual
BTC-USD,2026-03-20,0.872225,0.840920,0,1,43.470016,0,0,mundane,casual
BTC-USD,2026-03-21,-2.568060,0.465403,1,0,44.921740,0,0,mundane,casual
BTC-USD,2026-03-22,-1.260797,0.678476,2,0,45.616165,0,0,mundane,casual
BTC-USD,2026-03-23,4.524488,1.196583,0,1,43.155575,0,0,mundane,casual
BTC-USD,2026-03-24,-0.559826,0.929601,1,0,43.473805,0,0,mundane,casual
BTC-USD,2026-03-25,1.123153,0.853661,0,1,42.838929,0,0,mundane,casual
BTC-USD,2026-03-26,-3.531429,0.957493,1,0,44.857532,0,0,mundane,casual
BTC-USD,2026-03-27,-3.566204,1.149129,2,0,46.824025,0,0,mundane,casual
BTC-USD,2026-03-28,-0.028158,0.502854,3,0,46.838998,0,0,mundane,casual
BTC-USD,2026-03-29,-0.550023,0.527965,4,0,47.131396,0,0,losing_streak,desperate
BTC-USD,2026-03-30,1.116707,0.951748,0,1,46.541008,0,0,mundane,casual
BTC-USD,2026-03-31,2.311941,1.108456,0,2,45.305068,0,0,mundane,casual
BTC-USD,2026-04-01,-0.226807,0.942778,1,0,45.429120,0,0,mundane,casual
BTC-USD,2026-04-02,-1.747958,1.022493,2,0,46.382995,0,0,mundane,casual
BTC-USD,2026-04-03,0.063585,0.610594,0,1,46.348903,0,0,mundane,casual
BTC-USD,2026-04-04,0.536991,0.424650,0,2,46.060801,0,0,mundane,casual
BTC-USD,2026-04-05,2.513553,0.624476,0,3,44.705011,0,0,mundane,casual
BTC-USD,2026-04-06,-0.176960,1.124726,1,0,44.802861,0,0,mundane,casual
BTC-USD,2026-04-07,4.474125,1.288273,0,1,42.333272,0,0,mundane,casual
BTC-USD,2026-04-08,-1.136135,1.227424,1,0,42.988444,0,0,mundane,casual
BTC-USD,2026-04-09,0.906128,1.125574,0,1,42.471846,0,0,mundane,casual
BTC-USD,2026-04-10,1.687690,1.093537,0,2,41.500949,0,0,mundane,casual
BTC-USD,2026-04-11,0.103080,0.659194,0,3,41.440648,0,0,mundane,casual
BTC-USD,2026-04-12,-3.149531,0.854145,1,0,43.284993,0,0,mundane,casual
BTC-USD,2026-04-13,5.273576,1.541936,0,1,40.294085,0,0,big_gain,manic
BTC-USD,2026-04-14,-0.406837,1.551499,1,0,40.536991,0,0,mundane,casual
BTC-USD,2026-04-15,0.840463,1.075518,0,1,40.037226,0,0,mundane,casual
BTC-USD,2026-04-16,0.463945,1.167950,0,2,39.759032,0,0,mundane,casual
BTC-USD,2026-04-17,2.627660,1.541776,0,3,38.176104,0,0,mundane,casual
BTC-USD,2026-04-18,-1.816052,0.707411,1,0,39.298858,0,0,mundane,casual
BTC-USD,2026-04-19,-2.469237,0.836155,2,0,40.797713,0,0,mundane,casual
BTC-USD,2026-04-20,2.729856,1.082393,0,1,39.181576,0,0,mundane,casual
BTC-USD,2026-04-21,0.632970,0.999049,0,2,38.796614,0,0,mundane,casual
BTC-USD,2026-04-22,2.423393,1.324741,0,3,37.313415,0,0,mundane,casual
BTC-USD,2026-04-23,0.084206,1.092495,0,4,37.260629,0,0,winning_streak,smug
BTC-USD,2026-04-24,-1.039545,0.866957,1,0,37.912833,0,0,mundane,casual
BTC-USD,2026-04-25,0.202314,0.432041,0,1,37.787222,0,0,mundane,casual
BTC-USD,2026-04-26,1.347115,0.560224,0,2,36.949144,0,0,mundane,casual
BTC-USD,2026-04-27,-1.641183,1.018469,1,0,37.983924,0,0,mundane,casual
BTC-USD,2026-04-28,-1.313167,0.863640,2,0,38.798298,0,0,mundane,casual
BTC-USD,2026-04-29,-0.752500,1.132844,3,0,39.258841,0,0,mundane,casual
BTC-USD,2026-04-30,0.697037,0.803056,0,1,38.835453,0,0,mundane,casual
BTC-USD,2026-05-01,2.456846,1.078289,0,2,37.332734,0,0,mundane,casual
BTC-USD,2026-05-02,0.611737,0.451615,0,3,36.949376,0,0,mundane,casual
BTC-USD,2026-05-03,-0.151319,0.563499,1,0,37.044783,0,0,mundane,casual
BTC-USD,2026-05-04,1.642104,1.557847,0,1,36.010993,0,0,mundane,casual
BTC-USD,2026-05-05,1.376897,1.137177,0,2,35.129930,0,0,mundane,casual
BTC-USD,2026-05-06,0.618429,1.193187,0,3,34.728754,0,0,mundane,casual
BTC-USD,2026-05-07,-1.740860,1.054769,1,0,35.865035,0,0,mundane,casual
BTC-USD,2026-05-08,0.220939,0.989345,0,1,35.723336,0,0,mundane,casual
BTC-USD,2026-05-09,0.595611,0.524060,0,2,35.340497,0,0,mundane,casual
BTC-USD,2026-05-10,1.828022,0.795444,0,3,34.158507,0,0,mundane,casual
BTC-USD,2026-05-11,-0.499925,0.974288,1,0,34.487664,0,0,mundane,casual
BTC-USD,2026-05-12,-1.530443,0.973498,2,0,35.490293,0,0,mundane,casual
BTC-USD,2026-05-13,-1.491566,1.056425,3,0,36.452498,0,0,mundane,casual
BTC-USD,2026-05-14,2.237888,1.369120,0,1,35.030376,0,0,mundane,casual
BTC-USD,2026-05-15,-2.449771,1.175277,1,0,36.621984,0,0,mundane,casual
BTC-USD,2026-05-16,-1.181603,0.771562,2,0,37.370860,0,0,mundane,casual
BTC-USD,2026-05-17,-0.898596,0.618650,3,0,37.933643,0,0,mundane,casual
BTC-USD,2026-05-18,-0.613695,1.261188,4,0,38.314541,0,0,losing_streak,desperate
BTC-USD,2026-05-19,-0.264139,0.779518,5,0,38.477476,0,0,mundane,casual
BTC-USD,2026-05-20,0.920989,0.817460,0,1,37.910860,0,0,mundane,casual
BTC-USD,2026-05-21,0.105087,0.835586,0,2,37.845612,0,0,mundane,casual
BTC-USD,2026-05-22,-2.645024,0.873850,1,0,39.489611,0,0,mundane,casual
BTC-USD,2026-05-23,1.569946,0.924081,0,1,38.539630,0,0,mundane,casual
BTC-USD,2026-05-24,0.401388,0.625176,0,2,38.292935,0,0,mundane,casual
BTC-USD,2026-05-25,0.388153,0.634487,0,3,38.053418,0,0,mundane,casual
BTC-USD,2026-05-26,-1.881724,1.191052,1,0,39.219081,0,0,mundane,casual
BTC-USD,2026-05-27,-1.953204,1.129098,2,0,40.406257,0,0,mundane,casual
BTC-USD,2026-05-28,-1.087029,1.348118,3,0,41.054058,0,0,mundane,casual
BTC-USD,2026-05-29,-0.223061,1.144827,4,0,41.185543,0,0,losing_streak,desperate
BTC-USD,2026-05-30,0.521057,0.632786,0,1,40.879087,0,0,mundane,casual
BTC-USD,2026-05-31,-0.237474,0.571111,1,0,41.019483,0,0,mundane,casual
BTC-USD,2026-06-01,-3.071383,1.455750,2,0,42.831001,0,0,mundane,casual
BTC-USD,2026-06-02,-6.472423,1.811394,3,0,46.531220,0,0,big_drop,anxious
BTC-USD,2026-06-03,-4.031697,1.509749,4,0,48.686919,0,0,losing_streak,desperate
BTC-USD,2026-06-04,-0.332414,2.019784,5,0,48.857491,0,0,volume_spike,attention
BTC-USD,2026-06-05,-4.512281,2.174292,6,0,51.165185,0,1,new_52w_low,despondent
BTC-USD,2026-06-06,-0.090695,0.879123,7,0,51.209476,0,1,new_52w_low,despondent
BTC-USD,2026-06-07,3.897168,1.010089,0,1,49.308027,0,0,mundane,casual
BTC-USD,2026-06-08,-0.235501,0.965003,1,0,49.427407,0,0,mundane,casual
BTC-USD,2026-06-09,-2.293224,1.122099,2,0,50.587150,0,0,mundane,casual
BTC-USD,2026-06-10,-0.315510,0.754279,3,0,50.743052,0,0,mundane,casual
BTC-USD,2026-06-11,3.436599,0.803910,0,1,49.050289,0,0,mundane,casual
BTC-USD,2026-06-12,-0.028092,0.735673,1,0,49.064601,0,0,mundane,casual
BTC-USD,2026-06-13,1.381934,0.466011,0,1,48.360708,0,0,mundane,casual
BTC-USD,2026-06-14,2.001005,0.595834,0,2,47.327403,0,0,mundane,casual
BTC-USD,2026-06-15,0.881294,0.907256,0,3,46.863202,0,0,mundane,casual
BTC-USD,2026-06-16,-1.039168,0.693530,1,0,47.415383,0,0,mundane,casual
BTC-USD,2026-06-17,-1.802109,0.876371,2,0,48.363015,0,0,mundane,casual
BTC-USD,2026-06-18,-2.362635,0.863091,3,0,49.583009,0,0,mundane,casual
BTC-USD,2026-06-19,1.024482,0.637845,0,1,49.066496,0,0,mundane,casual
BTC-USD,2026-06-20,1.099828,0.496794,0,2,48.506315,0,0,mundane,casual
BTC-USD,2026-06-21,-1.559997,0.447142,1,0,49.309614,0,0,mundane,casual
BTC-USD,2026-06-22,1.129972,0.785412,0,1,48.736827,0,0,mundane,casual
BTC-USD,2026-06-23,-2.007887,0.913937,1,0,49.766134,0,0,mundane,casual
BTC-USD,2026-06-24,-2.669442,1.353480,2,0,51.107098,0,0,mundane,casual
BTC-USD,2026-06-25,-2.087801,1.334190,3,0,52.127885,0,1,new_52w_low,despondent
BTC-USD,2026-06-26,0.493546,1.435729,0,1,51.891614,0,0,mundane,casual
BTC-USD,2026-06-27,-0.127185,0.512948,1,0,51.952800,0,0,mundane,casual
BTC-USD,2026-06-28,-0.680276,0.573478,2,0,52.279654,0,1,new_52w_low,despondent
BTC-USD,2026-06-29,1.018000,1.121111,0,1,51.793861,0,0,mundane,casual
BTC-USD,2026-06-30,-2.626475,1.211352,1,0,53.059983,0,1,new_52w_low,despondent
BTC-USD,2026-07-01,2.467429,1.388621,0,1,51.901771,0,0,mundane,casual
BTC-USD,2026-07-02,2.469084,1.446638,0,2,50.714186,0,0,mundane,casual
BTC-USD,2026-07-03,1.722198,0.920548,0,3,49.865387,0,0,mundane,casual
BTC-USD,2026-07-04,0.869954,0.645094,0,4,49.429239,0,0,winning_streak,smug
BTC-USD,2026-07-05,0.728468,0.636545,0,5,49.060847,0,0,mundane,casual
BTC-USD,2026-07-06,0.703616,1.307078,0,6,48.702431,0,0,winning_streak,smug
BTC-USD,2026-07-07,-1.090118,1.087152,1,0,49.261635,0,0,mundane,casual
BTC-USD,2026-07-08,-1.642754,0.958744,2,0,50.095141,0,0,mundane,casual
BTC-USD,2026-07-09,1.502748,0.935651,0,1,49.345197,0,0,mundane,casual
BTC-USD,2026-07-10,1.477996,0.960429,0,2,48.596521,0,0,mundane,casual
BTC-USD,2026-07-11,-0.506982,0.479883,1,0,48.857128,0,0,mundane,casual
BTC-USD,2026-07-12,-0.068663,0.656894,2,0,48.892244,0,0,mundane,casual
BTC-USD,2026-07-13,-2.382591,1.315781,3,0,50.109933,0,0,mundane,casual
BTC-USD,2026-07-14,4.365409,1.028433,0,1,47.932028,0,0,mundane,casual
BTC-USD,2026-07-15,-0.375235,0.952554,1,0,48.127405,0,0,mundane,casual
BTC-USD,2026-07-16,-1.426456,0.983249,2,0,48.867345,0,0,mundane,casual
BTC-USD,2026-07-17,0.172724,1.011021,0,1,48.779027,0,0,mundane,casual
BTC-USD,2026-07-18,1.403988,0.513287,0,2,48.059890,0,0,mundane,casual
BTC-USD,2026-07-19,-0.163275,0.545758,1,0,48.144696,0,0,mundane,casual
BTC-USD,2026-07-20,0.833538,1.160877,0,1,47.712462,0,0,mundane,casual
BTC-USD,2026-07-21,1.954771,1.110799,0,2,46.690360,0,0,mundane,casual
BTC-USD,2026-07-22,-0.607965,1.074584,1,0,47.014464,0,0,mundane,casual
BTC-USD,2026-07-23,-1.597537,0.952084,2,0,47.860928,0,0,mundane,casual
BTC-USD,2026-07-24,-1.454868,1.016284,3,0,48.619483,0,0,mundane,casual
BTC-USD,2026-07-25,0.332795,0.534159,0,1,48.448491,0,0,mundane,casual
BTC-USD,2026-07-26,1.599221,0.557667,0,2,47.624068,0,0,mundane,casual
BTC-USD,2026-07-27,-2.472291,1.067303,1,0,48.918954,0,0,mundane,casual
BTC-USD,2026-07-28,0.229839,0.993338,0,1,48.801549,0,0,mundane,casual
BTC-USD,2026-07-29,0.057623,1.185732,0,2,48.772047,0,0,mundane,casual
BTC-USD,2026-07-30,1.278617,1.083245,0,3,48.117038,0,0,mundane,casual
BTC-USD,2026-07-31,-2.953346,1.259257,1,0,49.649321,0,0,mundane,casual
BTC-USD,2026-08-01,-0.080278,0.542196,2,0,49.689742,0,0,mundane,casual
BTC-USD,2026-08-02,1.145063,0.643210,0,1,49.113658,0,0,mundane,casual
BTC-USD,2026-08-03,-0.033240,1.101704,1,0,49.130573,0,0,mundane,casual
BTC-USD,2026-08-04,0.937671,1.009271,0,1,48.653584,0,0,mundane,casual
BTC-USD,2026-08-05,0.845428,1.012543,0,2,48.219488,0,0,mundane,casual
BTC-USD,2026-08-06,-0.519195,0.802367,1,0,48.488329,0,0,mundane,casual
BTC-USD,2026-08-07,0.961808,0.978365,0,1,47.992886,0,0,mundane,casual
BTC-USD,2026-08-08,0.037756,0.535655,0,2,47.973250,0,0,mundane,casual
BTC-USD,2026-08-09,-0.092136,0.577335,1,0,48.021186,0,0,mundane,casual
BTC-USD,2026-08-10,-1.440824,1.015837,2,0,48.770109,0,0,mundane,casual
BTC-USD,2026-08-11,-0.561270,0.960674,3,0,49.057647,0,0,mundane,casual
BTC-USD,2026-08-12,-0.235149,1.082229,4,0,49.177437,0,0,losing_streak,desperate
BTC-USD,2026-08-13,-0.000413,0.883236,5,0,49.177647,0,0,mundane,casual
BTC-USD,2026-08-14,-0.672813,0.970857,6,0,49.519586,0,0,losing_streak,desperate
BTC-USD,2026-08-15,0.077374,0.472991,0,1,49.480528,0,0,mundane,casual
BTC-USD,2026-08-16,-0.326331,0.432363,1,0,49.645389,0,0,mundane,casual
BTC-USD,2026-08-17,2.686466,1.070104,0,1,48.292629,0,0,mundane,casual
BTC-USD,2026-08-18,0.270450,0.935717,0,2,48.152787,0,0,mundane,casual
BTC-USD,2026-08-19,7.089403,2.368188,0,3,44.477129,0,0,big_gain,manic
BTC-USD,2026-08-20,5.437820,2.702050,0,4,41.457895,0,0,big_gain,manic
BTC-USD,2026-08-21,7.260344,3.421198,0,5,37.207537,0,0,big_gain,manic
BTC-USD,2026-08-22,-1.597971,1.697786,1,0,38.210942,0,0,mundane,casual
BTC-USD,2026-08-23,0.871590,1.192560,0,1,37.672394,0,0,mundane,casual
BTC-USD,2026-08-24,1.555160,2.103686,0,2,36.703100,0,0,volume_spike,attention
BTC-USD,2026-08-25,-0.505934,1.670333,1,0,37.023341,0,0,mundane,casual
BTC-USD,2026-08-26,0.588615,1.006720,0,1,36.652651,0,0,mundane,casual
BTC-USD,2026-08-27,1.556570,1.146928,0,2,35.666605,0,0,mundane,casual
BTC-USD,2026-08-28,-3.024326,1.300538,1,0,37.612257,0,0,mundane,casual
BTC-USD,2026-08-29,0.533884,0.444477,0,1,37.279178,0,0,mundane,casual
BTC-USD,2026-08-30,-0.739007,0.610106,1,0,37.742690,0,0,mundane,casual
BTC-USD,2026-08-31,1.134402,0.971550,0,1,37.036442,0,0,mundane,casual
BTC-USD,2026-09-01,-1.457706,0.956708,1,0,37.954265,0,0,mundane,casual
BTC-USD,2026-09-02,-0.388356,0.847326,2,0,38.195223,0,0,mundane,casual
ETH-USD,2025-08-24,0.074478,1.145660,0,1,1.070119,0,0,mundane,casual
ETH-USD,2025-08-25,-8.508152,1.365656,1,0,9.487223,0,0,big_drop,anxious
ETH-USD,2025-08-26,5.200997,1.112759,0,1,4.779657,0,0,big_gain,manic
ETH-USD,2025-08-27,-2.109232,0.875093,1,0,6.788075,0,0,mundane,casual
ETH-USD,2025-08-28,0.084040,0.721419,0,1,6.709739,0,0,mundane,casual
ETH-USD,2025-08-29,-3.262017,0.947596,1,0,9.752883,0,0,mundane,casual
ETH-USD,2025-08-30,0.321101,0.522103,0,1,9.463099,0,0,mundane,casual
ETH-USD,2025-08-31,0.362715,0.543884,0,2,9.134708,0,0,mundane,casual
ETH-USD,2025-09-01,-1.720923,0.783608,1,0,10.698429,0,0,mundane,casual
ETH-USD,2025-09-02,0.252534,0.850248,0,1,10.472912,0,0,mundane,casual
ETH-USD,2025-09-03,2.890471,0.770288,0,2,7.885158,0,0,mundane,casual
ETH-USD,2025-09-04,-3.407455,0.798072,1,0,11.023930,0,0,mundane,casual
ETH-USD,2025-09-05,0.191792,1.033581,0,1,10.853281,0,0,mundane,casual
ETH-USD,2025-09-06,-0.760313,0.415363,1,0,11.531075,0,0,mundane,casual
ETH-USD,2025-09-07,0.727742,0.405895,0,1,10.887249,0,0,mundane,casual
ETH-USD,2025-09-08,0.063284,0.784766,0,2,10.830855,0,0,mundane,casual
ETH-USD,2025-09-09,0.022498,0.763356,0,3,10.810794,0,0,mundane,casual
ETH-USD,2025-09-10,0.930706,1.006202,0,4,9.980705,0,0,winning_streak,smug
ETH-USD,2025-09-11,2.577228,0.908683,0,5,7.660702,0,0,mundane,casual
ETH-USD,2025-09-12,5.693777,1.166802,0,6,2.403108,0,0,big_gain,manic
ETH-USD,2025-09-13,-0.998175,0.918408,1,0,3.377296,0,0,mundane,casual
ETH-USD,2025-09-14,-1.254922,0.766140,2,0,4.589836,0,0,mundane,casual
ETH-USD,2025-09-15,-1.795761,1.140001,3,0,6.303174,0,0,mundane,casual
ETH-USD,2025-09-16,-0.513735,0.946756,4,0,6.784528,0,0,losing_streak,desperate
ETH-USD,2025-09-17,1.979964,1.295139,0,1,4.938895,0,0,mundane,casual
ETH-USD,2025-09-18,-0.061281,0.971771,1,0,4.997149,0,0,mundane,casual
ETH-USD,2025-09-19,-2.592681,0.898002,2,0,7.460270,0,0,mundane,casual
ETH-USD,2025-09-20,0.253832,0.530704,0,1,7.225374,0,0,mundane,casual
ETH-USD,2025-09-21,-0.690198,0.575438,1,0,7.865703,0,0,mundane,casual
ETH-USD,2025-09-22,-5.581516,1.781433,2,0,13.008194,0,0,big_drop,anxious
ETH-USD,2025-09-23,-0.889237,0.966099,3,0,13.781757,0,0,mundane,casual
ETH-USD,2025-09-24,-0.288913,1.002370,4,0,14.030852,0,0,losing_streak,desperate
ETH-USD,2025-09-25,-6.864990,2.065380,5,0,19.932626,0,0,big_drop,anxious
ETH-USD,2025-09-26,4.331424,1.382429,0,1,16.464568,0,0,mundane,casual
ETH-USD,2025-09-27,-0.426913,0.564328,1,0,16.821192,0,0,mundane,casual
ETH-USD,2025-09-28,3.056203,0.679184,0,1,14.279079,0,0,mundane,casual
ETH-USD,2025-09-29,1.831840,1.074593,0,2,12.708808,0,0,mundane,casual
ETH-USD,2025-09-30,-1.692637,1.038663,1,0,14.186331,0,0,mundane,casual
ETH-USD,2025-10-01,4.948309,1.275730,0,1,9.940006,0,0,mundane,casual
ETH-USD,2025-10-02,3.144288,1.310112,0,2,7.108260,0,0,mundane,casual
ETH-USD,2025-10-03,0.600429,1.344036,0,3,6.550511,0,0,mundane,casual
ETH-USD,2025-10-04,-0.568640,0.579962,1,0,7.081902,0,0,mundane,casual
ETH-USD,2025-10-05,0.584193,1.202716,0,1,6.539081,0,0,mundane,casual
ETH-USD,2025-10-06,3.816888,1.198231,0,2,2.971782,0,0,mundane,casual
ETH-USD,2025-10-07,-5.047593,1.438117,1,0,7.869372,0,0,big_drop,anxious
ETH-USD,2025-10-08,1.718569,1.045431,0,1,6.286044,0,0,mundane,casual
ETH-USD,2025-10-09,-3.500811,1.226821,1,0,9.566792,0,0,mundane,casual
ETH-USD,2025-10-10,-12.042057,2.448065,2,0,20.456811,0,0,big_drop,anxious
ETH-USD,2025-10-11,-2.404294,1.422871,3,0,22.369263,0,0,mundane,casual
ETH-USD,2025-10-12,11.033298,1.328900,0,1,13.804032,0,0,big_gain,manic
ETH-USD,2025-10-13,1.946007,1.087390,0,2,12.126653,0,0,mundane,casual
ETH-USD,2025-10-14,-2.827855,1.424362,1,0,14.611583,0,0,mundane,casual
ETH-USD,2025-10-15,-3.343972,1.034446,2,0,17.466948,0,0,mundane,casual
ETH-USD,2025-10-16,-2.324916,1.026953,3,0,19.385772,0,0,mundane,casual
ETH-USD,2025-10-17,-1.596906,1.197889,4,0,20.673105,0,0,losing_streak,desperate
ETH-USD,2025-10-18,1.507801,0.478493,0,1,19.477014,0,0,mundane,casual
ETH-USD,2025-10-19,2.424038,0.660963,0,2,17.525106,0,0,mundane,casual
ETH-USD,2025-10-20,-0.097610,0.813489,1,0,17.605610,0,0,mundane,casual
ETH-USD,2025-10-21,-2.612468,1.007787,2,0,19.758137,0,0,mundane,casual
ETH-USD,2025-10-22,-1.770596,0.927842,3,0,21.178896,0,0,mundane,casual
ETH-USD,2025-10-23,1.257944,0.732077,0,1,20.187371,0,0,mundane,casual
ETH-USD,2025-10-24,2.036838,0.695628,0,2,18.561717,0,0,mundane,casual
ETH-USD,2025-10-25,0.480448,0.307240,0,3,18.170448,0,0,mundane,casual
ETH-USD,2025-10-26,5.173133,0.604941,0,4,13.937296,0,0,big_gain,manic
ETH-USD,2025-10-27,-0.910709,0.850600,1,0,14.721077,0,0,mundane,casual
ETH-USD,2025-10-28,-3.346008,0.851331,2,0,17.574517,0,0,mundane,casual
ETH-USD,2025-10-29,-1.981522,0.756960,3,0,19.207796,0,0,mundane,casual
ETH-USD,2025-10-30,-2.535712,0.870246,4,0,21.256454,0,0,losing_streak,desperate
ETH-USD,2025-10-31,1.122525,0.877939,0,1,20.372537,0,0,mundane,casual
ETH-USD,2025-11-01,0.704630,0.418210,0,2,19.811459,0,0,mundane,casual
ETH-USD,2025-11-02,0.951819,0.516699,0,3,19.048209,0,0,mundane,casual
ETH-USD,2025-11-03,-7.894404,1.391769,1,0,25.438871,0,0,big_drop,anxious
ETH-USD,2025-11-04,-8.598200,2.051655,2,0,31.849785,0,0,big_drop,anxious
ETH-USD,2025-11-05,4.027143,1.211301,0,1,29.105279,0,0,mundane,casual
ETH-USD,2025-11-06,-3.296575,0.950242,1,0,31.442376,0,0,mundane,casual
ETH-USD,2025-11-07,3.714784,1.132592,0,1,28.895609,0,0,mundane,casual
ETH-USD,2025-11-08,-1.016652,0.612371,1,0,29.618493,0,0,mundane,casual
ETH-USD,2025-11-09,5.359565,0.756500,0,1,25.846350,0,0,big_gain,manic
ETH-USD,2025-11-10,-0.395280,0.949629,1,0,26.139465,0,0,mundane,casual
ETH-USD,2025-11-11,-4.292545,1.079387,2,0,29.309961,0,0,mundane,casual
ETH-USD,2025-11-12,-0.064065,0.956389,3,0,29.355248,0,0,mundane,casual
ETH-USD,2025-11-13,-5.283685,1.380760,4,0,33.087895,0,0,big_drop,anxious
ETH-USD,2025-11-14,-3.989518,1.262633,5,0,35.757365,0,0,mundane,casual
ETH-USD,2025-11-15,2.024808,0.513540,0,1,34.456575,0,0,mundane,casual
ETH-USD,2025-11-16,-2.330045,0.807915,1,0,35.983767,0,0,mundane,casual
ETH-USD,2025-11-17,-2.208599,1.082753,2,0,37.397629,0,0,mundane,casual
ETH-USD,2025-11-18,3.254717,1.095451,0,1,35.360098,0,0,mundane,casual
ETH-USD,2025-11-19,-3.199131,1.051082,1,0,37.428014,0,0,mundane,casual
ETH-USD,2025-11-20,-6.327778,1.147071,2,0,41.387430,0,0,big_drop,anxious
ETH-USD,2025-11-21,-2.333459,1.333834,3,0,42.755131,0,0,mundane,casual
ETH-USD,2025-11-22,0.068995,0.382430,0,1,42.715634,0,0,mundane,casual
ETH-USD,2025-11-23,1.230977,0.508469,0,2,42.010477,0,0,mundane,casual
ETH-USD,2025-11-24,5.390964,0.846093,0,3,38.884283,0,0,big_gain,manic
ETH-USD,2025-11-25,0.176885,0.644905,0,4,38.776178,0,0,winning_streak,smug
ETH-USD,2025-11-26,2.362314,0.612302,0,5,37.329879,0,0,mundane,casual
ETH-USD,2025-11-27,-0.438263,0.495711,1,0,37.604539,0,0,mundane,casual
ETH-USD,2025-11-28,0.589217,0.626868,0,1,37.236894,0,0,mundane,casual
ETH-USD,2025-11-29,-1.339547,0.389381,1,0,38.077636,0,0,mundane,casual
ETH-USD,2025-11-30,0.014281,0.360243,0,1,38.068792,0,0,mundane,casual
ETH-USD,2025-12-01,-6.414317,1.190817,1,0,42.041256,0,0,big_drop,anxious
ETH-USD,2025-12-02,7.062050,0.867676,0,1,37.948181,0,0,big_gain,manic
ETH-USD,2025-12-03,6.458838,0.990583,0,2,33.940355,0,0,big_gain,manic
ETH-USD,2025-12-04,-1.793955,0.938997,1,0,35.125435,0,0,mundane,casual
ETH-USD,2025-12-05,-3.505822,0.991550,2,0,37.399822,0,0,mundane,casual
ETH-USD,2025-12-06,0.521582,0.382750,0,1,37.073310,0,0,mundane,casual
ETH-USD,2025-12-07,0.693834,0.737437,0,2,36.636704,0,0,mundane,casual
ETH-USD,2025-12-08,2.087224,0.949390,0,3,35.314169,0,0,mundane,casual
ETH-USD,2025-12-09,6.268947,1.241140,0,4,31.259049,0,0,big_gain,manic
ETH-USD,2025-12-10,0.128726,1.209297,0,5,31.170561,0,0,mundane,casual
ETH-USD,2025-12-11,-2.656327,1.175780,1,0,32.998897,0,0,mundane,casual
ETH-USD,2025-12-12,-4.722941,1.033503,2,0,36.163319,0,0,mundane,casual
ETH-USD,2025-12-13,1.054503,0.412354,0,1,35.490159,0,0,mundane,casual
ETH-USD,2025-12-14,-1.800002,0.663889,1,0,36.651338,0,0,mundane,casual
ETH-USD,2025-12-15,-3.150094,1.268132,2,0,38.646880,0,0,mundane,casual
ETH-USD,2025-12-16,-0.000074,0.989282,3,0,38.646926,0,0,mundane,casual
ETH-USD,2025-12-17,-4.479394,1.136443,4,0,41.395172,0,0,losing_streak,desperate
ETH-USD,2025-12-18,-0.153086,1.243449,5,0,41.484887,0,0,mundane,casual
ETH-USD,2025-12-19,5.337740,1.165889,0,1,38.361503,0,0,big_gain,manic
ETH-USD,2025-12-20,-0.013035,0.308697,1,0,38.369537,0,0,mundane,casual
ETH-USD,2025-12-21,0.807073,0.456921,0,1,37.872135,0,0,mundane,casual
ETH-USD,2025-12-22,0.148585,0.877232,0,2,37.779822,0,0,mundane,casual
ETH-USD,2025-12-23,-1.420448,0.937792,1,0,38.663627,0,0,mundane,casual
ETH-USD,2025-12-24,-0.600108,0.622888,2,0,39.031711,0,0,mundane,casual
ETH-USD,2025-12-25,-1.426233,0.543132,3,0,39.901261,0,0,mundane,casual
ETH-USD,2025-12-26,0.763403,0.885161,0,1,39.442466,0,0,mundane,casual
ETH-USD,2025-12-27,0.760582,0.345604,0,2,38.981876,0,0,mundane,casual
ETH-USD,2025-12-28,0.019329,0.445775,0,3,38.970082,0,0,mundane,casual
ETH-USD,2025-12-29,-0.475817,1.304510,1,0,39.260473,0,0,mundane,casual
ETH-USD,2025-12-30,1.256703,0.960248,0,1,38.497157,0,0,mundane,casual
ETH-USD,2025-12-31,-0.147376,0.865807,1,0,38.587798,0,0,mundane,casual
ETH-USD,2026-01-01,1.124242,0.558965,0,1,37.897376,0,0,mundane,casual
ETH-USD,2026-01-02,4.133734,1.428974,0,2,35.330218,0,0,mundane,casual
ETH-USD,2026-01-03,0.047845,0.621808,0,3,35.299277,0,0,mundane,casual
ETH-USD,2026-01-04,0.473236,0.762236,0,4,34.993090,0,0,winning_streak,smug
ETH-USD,2026-01-05,2.719764,1.556791,0,5,33.225055,0,0,mundane,casual
ETH-USD,2026-01-06,2.164091,1.573255,0,6,31.779985,0,0,winning_streak,smug
ETH-USD,2026-01-07,-3.917017,1.274129,1,0,34.452174,0,0,mundane,casual
ETH-USD,2026-01-08,-1.972356,1.303342,2,0,35.745010,0,0,mundane,casual
ETH-USD,2026-01-09,-0.687269,1.097170,3,0,36.186615,0,0,mundane,casual
ETH-USD,2026-01-10,-0.021119,0.391691,4,0,36.200092,0,0,losing_streak,desperate
ETH-USD,2026-01-11,1.183795,0.597793,0,1,35.444831,0,0,mundane,casual
ETH-USD,2026-01-12,-0.851588,1.239341,1,0,35.994576,0,0,mundane,casual
ETH-USD,2026-01-13,7.430340,1.597245,0,1,31.238755,0,0,big_gain,manic
ETH-USD,2026-01-14,0.982127,1.915090,0,2,30.563432,0,0,mundane,casual
ETH-USD,2026-01-15,-1.121444,1.466441,1,0,31.342125,0,0,mundane,casual
ETH-USD,2026-01-16,-0.651748,1.179581,2,0,31.789601,0,0,mundane,casual
ETH-USD,2026-01-17,0.406074,0.559214,0,1,31.512617,0,0,mundane,casual
ETH-USD,2026-01-18,-0.837343,0.673226,1,0,32.086091,0,0,mundane,casual
ETH-USD,2026-01-19,-2.881197,1.432276,2,0,34.042825,0,0,mundane,casual
ETH-USD,2026-01-20,-7.877164,1.651277,3,0,39.238380,0,0,big_drop,anxious
ETH-USD,2026-01-21,1.474837,1.720861,0,1,38.342245,0,0,mundane,casual
ETH-USD,2026-01-22,-0.982504,0.996143,1,0,38.948034,0,0,mundane,casual
ETH-USD,2026-01-23,0.122830,1.022878,0,1,38.873044,0,0,mundane,casual
ETH-USD,2026-01-24,-0.152903,0.364967,1,0,38.966509,0,0,mundane,casual
ETH-USD,2026-01-25,-4.504919,1.010574,2,0,41.716018,0,0,mundane,casual
ETH-USD,2026-01-26,3.926084,1.352282,0,1,39.427741,0,0,mundane,casual
ETH-USD,2026-01-27,3.272008,1.269882,0,2,37.445811,0,0,mundane,casual
ETH-USD,2026-01-28,-0.516295,0.975586,1,0,37.768775,0,0,mundane,casual
ETH-USD,2026-01-29,-6.265359,1.685161,2,0,41.667785,0,0,big_drop,anxious
ETH-USD,2026-01-30,-4.110996,1.806954,3,0,44.065820,0,0,mundane,casual
ETH-USD,2026-01-31,-9.520641,1.908760,4,0,49.391112,0,0,big_drop,anxious
ETH-USD,2026-02-01,-7.244184,1.507307,5,0,53.057313,0,0,big_drop,anxious
ETH-USD,2026-02-02,3.368299,1.761070,0,1,51.476143,0,0,mundane,casual
ETH-USD,2026-02-03,-4.982085,1.662484,1,0,53.893643,0,0,mundane,casual
ETH-USD,2026-02-04,-3.773399,1.532092,2,0,55.633420,0,0,mundane,casual
ETH-USD,2026-02-05,-15.013782,1.986501,3,0,62.294522,0,0,big_drop,anxious
ETH-USD,2026-02-06,13.268162,2.013681,0,1,57.291698,0,0,big_gain,manic
ETH-USD,2026-02-07,1.316396,1.176659,0,2,56.729487,0,0,mundane,casual
ETH-USD,2026-02-08,-0.085450,0.537637,1,0,56.766462,0,0,mundane,casual
ETH-USD,2026-02-09,0.708778,0.744599,0,1,56.460032,0,0,mundane,casual
ETH-USD,2026-02-10,-3.996553,0.653302,1,0,58.200130,0,0,mundane,casual
ETH-USD,2026-02-11,-3.905729,0.683731,2,0,59.832720,0,0,mundane,casual
ETH-USD,2026-02-12,0.325635,0.573077,0,1,59.701921,0,0,mundane,casual
ETH-USD,2026-02-13,5.217759,0.583724,0,2,57.599265,0,0,big_gain,manic
ETH-USD,2026-02-14,1.829725,0.475704,0,3,56.823448,0,0,mundane,casual
ETH-USD,2026-02-15,-5.751018,0.878913,1,0,59.306539,0,0,big_drop,anxious
ETH-USD,2026-02-16,1.621264,0.543320,0,1,58.646790,0,0,mundane,casual
ETH-USD,2026-02-17,-0.286468,0.599095,1,0,58.765254,0,0,mundane,casual
ETH-USD,2026-02-18,-1.918498,0.578520,2,0,59.556342,0,0,mundane,casual
ETH-USD,2026-02-19,-0.295453,0.510732,3,0,59.675834,0,0,mundane,casual
ETH-USD,2026-02-20,1.068744,0.660968,0,1,59.244872,0,0,mundane,casual
ETH-USD,2026-02-21,0.239451,0.366901,0,2,59.147283,0,0,mundane,casual
ETH-USD,2026-02-22,-0.807163,0.315551,1,0,59.477031,0,0,mundane,casual
ETH-USD,2026-02-23,-5.225395,0.844438,2,0,61.594516,0,0,big_drop,anxious
ETH-USD,2026-02-24,-0.136530,0.686956,3,0,61.646952,0,0,mundane,casual
ETH-USD,2026-02-25,10.882988,1.084527,0,1,57.472994,0,0,big_gain,manic
ETH-USD,2026-02-26,-1.354762,0.975087,1,0,58.049134,0,0,mundane,casual
ETH-USD,2026-02-27,-4.738066,0.967795,2,0,60.036793,0,0,mundane,casual
ETH-USD,2026-02-28,1.775915,1.040123,0,1,59.327081,0,0,mundane,casual
ETH-USD,2026-03-01,-1.322301,1.129024,1,0,59.864899,0,0,mundane,casual
ETH-USD,2026-03-02,4.548697,1.261842,0,1,58.039275,0,0,mundane,casual
ETH-USD,2026-03-03,-2.195071,1.150929,1,0,58.960343,0,0,mundane,casual
ETH-USD,2026-03-04,7.249279,1.604444,0,1,55.985263,0,0,big_gain,manic
ETH-USD,2026-03-05,-2.581696,1.035132,1,0,57.121590,0,0,mundane,casual
ETH-USD,2026-03-06,-4.482236,0.908445,2,0,59.043502,0,0,mundane,casual
ETH-USD,2026-03-07,-0.469780,0.468233,3,0,59.235907,0,0,mundane,casual
ETH-USD,2026-03-08,-1.668010,0.783456,4,0,59.915856,0,0,losing_streak,desperate
ETH-USD,2026-03-09,2.908879,1.161424,0,1,58.749857,0,0,mundane,casual
ETH-USD,2026-03-10,2.216940,1.130574,0,2,57.835366,0,0,mundane,casual
ETH-USD,2026-03-11,0.709470,0.906252,0,3,57.536220,0,0,mundane,casual
ETH-USD,2026-03-12,1.051046,0.978273,0,4,57.089906,0,0,winning_streak,smug
ETH-USD,2026-03-13,0.937095,1.395389,0,5,56.687798,0,0,mundane,casual
ETH-USD,2026-03-14,0.216156,0.459567,0,6,56.594176,0,0,winning_streak,smug
ETH-USD,2026-03-15,3.833397,0.698628,0,7,54.930259,0,0,mundane,casual
ETH-USD,2026-03-16,7.977111,1.808673,0,8,51.334996,0,0,big_gain,manic
ETH-USD,2026-03-17,-1.408766,1.185604,1,0,52.020571,0,0,mundane,casual
ETH-USD,2026-03-18,-4.934392,1.138431,2,0,54.388064,0,0,mundane,casual
ETH-USD,2026-03-19,-3.006247,1.065150,3,0,55.759272,0,0,mundane,casual
ETH-USD,2026-03-20,0.424494,0.789388,0,1,55.571472,0,0,mundane,casual
ETH-USD,2026-03-21,-3.252142,0.383303,1,0,57.016351,0,0,mundane,casual
ETH-USD,2026-03-22,-1.138427,0.753003,2,0,57.505688,0,0,mundane,casual
ETH-USD,2026-03-23,4.826854,1.335930,0,1,55.454550,0,0,mundane,casual
ETH-USD,2026-03-24,0.165340,0.852924,0,2,55.380899,0,0,mundane,casual
ETH-USD,2026-03-25,0.571374,0.821471,0,3,55.125957,0,0,mundane,casual
ETH-USD,2026-03-26,-5.001939,0.907150,1,0,57.370529,0,0,big_drop,anxious
ETH-USD,2026-03-27,-3.316523,0.949926,2,0,58.784345,0,0,mundane,casual
ETH-USD,2026-03-28,0.071442,0.412659,0,1,58.754900,0,0,mundane,casual
ETH-USD,2026-03-29,-0.508602,0.459762,1,0,58.964673,0,0,mundane,casual
ETH-USD,2026-03-30,2.065774,0.899750,0,1,58.116976,0,0,mundane,casual
ETH-USD,2026-03-31,4.012491,1.088814,0,2,56.436424,0,0,mundane,casual
ETH-USD,2026-04-01,1.616795,0.994290,0,3,55.732090,0,0,mundane,casual
ETH-USD,2026-04-02,-3.828639,0.961535,1,0,57.426949,0,0,mundane,casual
ETH-USD,2026-04-03,-0.168572,0.503751,2,0,57.498715,0,0,mundane,casual
ETH-USD,2026-04-04,0.582760,0.363559,0,1,57.251034,0,0,mundane,casual
ETH-USD,2026-04-05,2.113153,0.532870,0,2,56.347683,0,0,mundane,casual
ETH-USD,2026-04-06,-0.058517,1.111471,1,0,56.373228,0,0,mundane,casual
ETH-USD,2026-04-07,6.359598,1.344561,0,1,53.598740,0,0,big_gain,manic
ETH-USD,2026-04-08,-2.295969,1.289554,1,0,54.664099,0,0,mundane,casual
ETH-USD,2026-04-09,-0.054394,1.042436,2,0,54.688759,0,0,mundane,casual
ETH-USD,2026-04-10,2.558289,1.039555,0,1,53.529566,0,0,mundane,casual
ETH-USD,2026-04-11,1.792374,0.746628,0,2,52.696642,0,0,mundane,casual
ETH-USD,2026-04-12,-4.077595,0.915873,1,0,54.625482,0,0,mundane,casual
ETH-USD,2026-04-13,8.143125,1.476929,0,1,50.930578,0,0,big_gain,manic
ETH-USD,2026-04-14,-1.999661,1.543307,1,0,51.911800,0,0,mundane,casual
ETH-USD,2026-04-15,1.555042,1.016770,0,1,51.164008,0,0,mundane,casual
ETH-USD,2026-04-16,-0.457397,1.237949,1,0,51.387383,0,0,mundane,casual
ETH-USD,2026-04-17,3.083768,1.584872,0,1,49.888283,0,0,mundane,casual
ETH-USD,2026-04-18,-2.890092,0.818583,1,0,51.336557,0,0,mundane,casual
ETH-USD,2026-04-19,-3.665670,0.957664,2,0,53.120398,0,0,mundane,casual
ETH-USD,2026-04-20,2.220629,1.072113,0,1,52.079376,0,0,mundane,casual
ETH-USD,2026-04-21,0.551053,0.910483,0,2,51.815308,0,0,mundane,casual
ETH-USD,2026-04-22,2.066937,1.282308,0,3,50.819361,0,0,mundane,casual
ETH-USD,2026-04-23,-1.875950,1.124777,1,0,51.741965,0,0,mundane,casual
ETH-USD,2026-04-24,-0.678689,0.734054,2,0,52.069487,0,0,mundane,casual
ETH-USD,2026-04-25,0.135550,0.353097,0,1,52.004517,0,0,mundane,casual
ETH-USD,2026-04-26,2.195069,0.578323,0,2,50.950983,0,0,mundane,casual
ETH-USD,2026-04-27,-2.813193,0.996365,1,0,52.330826,0,0,mundane,casual
ETH-USD,2026-04-28,-0.592441,0.720608,2,0,52.613238,0,0,mundane,casual
ETH-USD,2026-04-29,-1.572622,1.266919,3,0,53.358452,0,0,mundane,casual
ETH-USD,2026-04-30,0.125829,0.703107,0,1,53.299764,0,0,mundane,casual
ETH-USD,2026-05-01,1.721552,0.767042,0,2,52.495795,0,0,mundane,casual
ETH-USD,2026-05-02,0.921016,0.399196,0,3,52.058274,0,0,mundane,casual
ETH-USD,2026-05-03,0.233302,0.584283,0,4,51.946425,0,0,winning_streak,smug
ETH-USD,2026-05-04,1.066542,1.575398,0,5,51.433913,0,0,mundane,casual
ETH-USD,2026-05-05,0.630142,1.095009,0,6,51.127878,0,0,winning_streak,smug
ETH-USD,2026-05-06,-0.439636,1.400846,1,0,51.342737,0,0,mundane,casual
ETH-USD,2026-05-07,-2.539318,1.432290,2,0,52.578300,0,0,mundane,casual
ETH-USD,2026-05-08,0.692438,1.236052,0,1,52.249934,0,0,mundane,casual
ETH-USD,2026-05-09,0.856323,0.741690,0,2,51.841039,0,0,mundane,casual
ETH-USD,2026-05-10,1.818720,1.206941,0,3,50.965163,0,0,mundane,casual
ETH-USD,2026-05-11,-1.252957,0.955193,1,0,51.579548,0,0,mundane,casual
ETH-USD,2026-05-12,-2.766452,0.995106,2,0,52.919076,0,0,mundane,casual
ETH-USD,2026-05-13,-0.750321,0.955055,3,0,53.272335,0,0,mundane,casual
ETH-USD,2026-05-14,1.034667,1.120615,0,1,52.788859,0,0,mundane,casual
ETH-USD,2026-05-15,-2.525542,1.142559,1,0,53.981196,0,0,mundane,casual
ETH-USD,2026-05-16,-1.959985,0.695613,2,0,54.883158,0,0,mundane,casual
ETH-USD,2026-05-17,-2.390487,0.614586,3,0,55.961670,0,0,mundane,casual
ETH-USD,2026-05-18,0.040930,1.234126,0,1,55.943645,0,0,mundane,casual
ETH-USD,2026-05-19,-0.871605,0.730297,1,0,56.327642,0,0,mundane,casual
ETH-USD,2026-05-20,0.806627,0.755694,0,1,55.975369,0,0,mundane,casual
ETH-USD,2026-05-21,0.208147,0.898240,0,2,55.883733,0,0,mundane,casual
ETH-USD,2026-05-22,-3.132840,0.825581,1,0,57.265825,0,0,mundane,casual
ETH-USD,2026-05-23,2.485398,1.018972,0,1,56.203711,0,0,mundane,casual
ETH-USD,2026-05-24,-0.848674,0.635638,1,0,56.575398,0,0,mundane,casual
ETH-USD,2026-05-25,0.637584,0.638040,0,1,56.298530,0,0,mundane,casual
ETH-USD,2026-05-26,-1.918764,1.023608,1,0,57.137058,0,0,mundane,casual
ETH-USD,2026-05-27,-2.349746,0.955215,2,0,58.144229,0,0,mundane,casual
ETH-USD,2026-05-28,-0.724237,1.225961,3,0,58.447364,0,0,mundane,casual
ETH-USD,2026-05-29,0.220457,1.018016,0,1,58.355758,0,0,mundane,casual
ETH-USD,2026-05-30,0.371760,0.504856,0,2,58.200941,0,0,mundane,casual
ETH-USD,2026-05-31,-0.748552,0.651310,1,0,58.513829,0,0,mundane,casual
ETH-USD,2026-06-01,-0.055897,1.400526,2,0,58.537018,0,0,mundane,casual
ETH-USD,2026-06-02,-7.263545,1.792754,3,0,61.548701,0,0,big_drop,anxious
ETH-USD,2026-06-03,-2.475298,1.654056,4,0,62.500485,0,1,new_52w_low,despondent
ETH-USD,2026-06-04,-2.326598,1.821329,5,0,63.372948,0,1,new_52w_low,despondent
ETH-USD,2026-06-05,-10.664659,2.603559,6,0,67.279098,0,1,new_52w_low,despondent
ETH-USD,2026-06-06,-0.764972,1.099543,7,0,67.529404,0,1,new_52w_low,despondent
ETH-USD,2026-06-07,7.498149,0.883554,0,1,65.094710,0,0,big_gain,manic
ETH-USD,2026-06-08,0.222505,1.028987,0,2,65.017044,0,0,mundane,casual
ETH-USD,2026-06-09,-3.102798,0.883222,1,0,66.102495,0,0,mundane,casual
ETH-USD,2026-06-10,-1.072779,0.728926,2,0,66.466140,0,0,mundane,casual
ETH-USD,2026-06-11,3.218427,0.716523,0,1,65.386877,0,0,mundane,casual
ETH-USD,2026-06-12,-0.427729,0.579576,1,0,65.534928,0,0,mundane,casual
ETH-USD,2026-06-13,0.906044,0.360965,0,1,65.222659,0,0,mundane,casual
ETH-USD,2026-06-14,2.642441,0.468006,0,2,64.303688,0,0,mundane,casual
ETH-USD,2026-06-15,4.079054,1.082273,0,3,62.847616,0,0,mundane,casual
ETH-USD,2026-06-16,-0.254211,0.882324,1,0,62.942062,0,0,mundane,casual
ETH-USD,2026-06-17,-2.374483,0.851108,2,0,63.821996,0,0,mundane,casual
ETH-USD,2026-06-18,-2.194197,0.785769,3,0,64.615813,0,0,mundane,casual
ETH-USD,2026-06-19,0.084759,0.479860,0,1,64.585822,0,0,mundane,casual
ETH-USD,2026-06-20,1.655129,0.474293,0,2,63.999671,0,0,mundane,casual
ETH-USD,2026-06-21,-1.996251,0.520890,1,0,64.718328,0,0,mundane,casual
ETH-USD,2026-06-22,1.286551,0.861529,0,1,64.264412,0,0,mundane,casual
ETH-USD,2026-06-23,-3.537429,0.686880,1,0,65.528533,0,0,mundane,casual
ETH-USD,2026-06-24,-2.732727,0.969374,2,0,66.470544,0,0,mundane,casual
ETH-USD,2026-06-25,-3.401903,1.153393,3,0,67.611183,0,1,new_52w_low,despondent
ETH-USD,2026-06-26,0.754046,1.206903,0,1,67.366957,0,0,mundane,casual
ETH-USD,2026-06-27,-0.318900,0.489055,1,0,67.471024,0,0,mundane,casual
ETH-USD,2026-06-28,-0.078077,0.517430,2,0,67.496421,0,0,mundane,casual
ETH-USD,2026-06-29,2.537289,1.034744,0,1,66.671711,0,0,mundane,casual
ETH-USD,2026-06-30,-2.522780,0.851739,1,0,67.512511,0,0,mundane,casual
ETH-USD,2026-07-01,2.508743,1.044739,0,1,66.697483,0,0,mundane,casual
ETH-USD,2026-07-02,5.544495,1.216248,0,2,64.851027,0,0,big_gain,manic
ETH-USD,2026-07-03,3.436008,0.899984,0,3,63.643305,0,0,mundane,casual
ETH-USD,2026-07-04,1.281756,0.702111,0,4,63.177301,0,0,winning_streak,smug
ETH-USD,2026-07-05,0.223325,0.982384,0,5,63.095067,0,0,mundane,casual
ETH-USD,2026-07-06,0.817033,1.518087,0,6,62.793541,0,0,winning_streak,smug
ETH-USD,2026-07-07,-1.616749,0.875306,1,0,63.395076,0,0,mundane,casual
ETH-USD,2026-07-08,-1.460769,0.911050,2,0,63.929790,0,0,mundane,casual
ETH-USD,2026-07-09,0.103691,0.708637,0,1,63.892388,0,0,mundane,casual
ETH-USD,2026-07-10,2.935458,0.861249,0,2,62.832464,0,0,mundane,casual
ETH-USD,2026-07-11,-0.422880,0.625487,1,0,62.989638,0,0,mundane,casual
ETH-USD,2026-07-12,0.989233,0.553620,0,1,62.623519,0,0,mundane,casual
ETH-USD,2026-07-13,-1.787992,1.081119,1,0,63.291808,0,0,mundane,casual
ETH-USD,2026-07-14,6.539559,1.301731,0,1,60.891254,0,0,big_gain,manic
ETH-USD,2026-07-15,1.453515,1.194666,0,2,60.322803,0,0,mundane,casual
ETH-USD,2026-07-16,-2.803962,1.091858,1,0,61.435336,0,0,mundane,casual
ETH-USD,2026-07-17,-1.191782,1.038161,2,0,61.894943,0,0,mundane,casual
ETH-USD,2026-07-18,1.108314,0.453421,0,1,61.472619,0,0,mundane,casual
ETH-USD,2026-07-19,0.543489,0.672702,0,2,61.263227,0,0,mundane,casual
ETH-USD,2026-07-20,1.723228,1.184254,0,3,60.595704,0,0,mundane,casual
ETH-USD,2026-07-21,1.293487,1.217480,0,4,60.086015,0,0,winning_streak,smug
ETH-USD,2026-07-22,0.264798,1.045378,0,5,59.980323,0,0,mundane,casual
ETH-USD,2026-07-23,-2.916482,0.958150,1,0,61.147490,0,0,mundane,casual
ETH-USD,2026-07-24,-0.901575,0.890093,2,0,61.497774,0,0,mundane,casual
ETH-USD,2026-07-25,0.701313,0.427206,0,1,61.227753,0,0,mundane,casual
ETH-USD,2026-07-26,4.280797,0.672183,0,2,59.567992,0,0,mundane,casual
ETH-USD,2026-07-27,-3.214773,1.461880,1,0,60.867789,0,0,mundane,casual
ETH-USD,2026-07-28,1.551611,1.202109,0,1,60.260610,0,0,mundane,casual
ETH-USD,2026-07-29,-0.595299,1.248419,1,0,60.497178,0,0,mundane,casual
ETH-USD,2026-07-30,0.463914,0.821734,0,1,60.313919,0,0,mundane,casual
ETH-USD,2026-07-31,-2.974225,1.050622,1,0,61.494272,0,0,mundane,casual
ETH-USD,2026-08-01,-0.909950,0.492589,2,0,61.844655,0,0,mundane,casual
ETH-USD,2026-08-02,2.121291,0.587605,0,1,61.035270,0,0,mundane,casual
ETH-USD,2026-08-03,-1.288989,0.816046,1,0,61.537521,0,0,mundane,casual
ETH-USD,2026-08-04,0.545102,0.856190,0,1,61.327861,0,0,mundane,casual
ETH-USD,2026-08-05,2.041342,1.082147,0,2,60.538430,0,0,mundane,casual
ETH-USD,2026-08-06,-0.234379,0.889274,1,0,60.630920,0,0,mundane,casual
ETH-USD,2026-08-07,0.589989,1.028002,0,1,60.398647,0,0,mundane,casual
ETH-USD,2026-08-08,0.117784,0.413998,0,2,60.352003,0,0,mundane,casual
ETH-USD,2026-08-09,-0.357614,0.522727,1,0,60.493790,0,0,mundane,casual
ETH-USD,2026-08-10,-1.959679,1.031564,2,0,61.267985,0,0,mundane,casual
ETH-USD,2026-08-11,0.539463,0.955245,0,1,61.059040,0,0,mundane,casual
ETH-USD,2026-08-12,-0.172136,0.934941,1,0,61.126072,0,0,mundane,casual
ETH-USD,2026-08-13,0.311816,0.871455,0,1,61.004856,0,0,mundane,casual
ETH-USD,2026-08-14,-0.177353,0.703477,1,0,61.074015,0,0,mundane,casual
ETH-USD,2026-08-15,0.013735,0.390977,0,1,61.068669,0,0,mundane,casual
ETH-USD,2026-08-16,-0.370317,0.473622,1,0,61.212839,0,0,mundane,casual
ETH-USD,2026-08-17,2.041639,1.059157,0,1,60.420945,0,0,mundane,casual
ETH-USD,2026-08-18,0.222646,0.948655,0,2,60.332823,0,0,mundane,casual
ETH-USD,2026-08-19,17.480067,4.275180,0,3,53.398975,0,0,big_gain,manic
ETH-USD,2026-08-20,3.327922,3.479068,0,4,51.848129,0,0,winning_streak,smug
ETH-USD,2026-08-21,8.119765,3.750292,0,5,47.938310,0,0,big_gain,manic
ETH-USD,2026-08-22,-3.619098,2.326666,1,0,49.822474,0,0,volume_spike,attention
ETH-USD,2026-08-23,1.632038,1.628535,0,1,48.451932,0,0,mundane,casual
ETH-USD,2026-08-24,0.731198,1.946437,0,2,48.075013,0,0,mundane,casual
ETH-USD,2026-08-25,-1.558199,1.383256,1,0,48.185962,0,0,mundane,casual
ETH-USD,2026-08-26,2.582785,1.023365,0,1,46.847716,0,0,mundane,casual
ETH-USD,2026-08-27,0.165552,1.285616,0,2,46.759721,0,0,mundane,casual
ETH-USD,2026-08-28,-2.703712,1.233571,1,0,48.199185,0,0,mundane,casual
ETH-USD,2026-08-29,0.620273,0.408871,0,1,47.877879,0,0,mundane,casual
ETH-USD,2026-08-30,-1.617275,0.846503,1,0,48.720837,0,0,mundane,casual
ETH-USD,2026-08-31,2.021622,0.959060,0,1,47.684166,0,0,mundane,casual
ETH-USD,2026-09-01,-1.985482,0.963212,1,0,48.722888,0,0,mundane,casual
ETH-USD,2026-09-02,-1.435667,0.964083,2,0,49.459056,0,0,mundane,casual
